country,name,speciality,healthcare,amenity,address,phone,email,website,opening_hours,lat,lon,osm_type,osm_id,osm_url,operator,brand,osm_key,tags_json
HU,Dr. Hegedűs Gyula Háziorvos Dorog,,doctor,doctors,"Bányász körönd 30, Dorog, 2510",,,,,47.7320414,18.7291427,node,370406188,https://www.openstreetmap.org/node/370406188,,,node/370406188,"{""addr:city"": ""Dorog"", ""addr:housenumber"": ""30"", ""addr:postcode"": ""2510"", ""addr:street"": ""Bányász körönd"", ""amenity"": ""doctors"", ""healthcare"": ""doctor"", ""name"": ""Dr. Hegedűs Gyula Háziorvos Dorog""}"
HU,Pathologia,,clinic,clinic,,,,,,47.4251125,19.1320226,node,2407825771,https://www.openstreetmap.org/node/2407825771,,,node/2407825771,"{""amenity"": ""clinic"", ""healthcare"": ""clinic"", ""name"": ""Pathologia""}"
HU,Háziorvosi és fogorvosi rendelő,orthodontics;stomatology;general;dentist,doctor,doctors,,+36 1 206 2951;+36 1 206 2952;+36 1 205 7960,,http://www.szentkristofrendelo.hu/mainpage/consulting-hours/bylocation/49/13,,47.4652942,19.0272689,node,2443142048,https://www.openstreetmap.org/node/2443142048,,,node/2443142048,"{""amenity"": ""doctors"", ""contact:phone"": ""+36 1 206 2951;+36 1 206 2952;+36 1 205 7960"", ""contact:website"": ""http://www.szentkristofrendelo.hu/mainpage/consulting-hours/bylocation/49/13"", ""healthcare"": ""doctor"", ""healthcare:speciality"": ""orthodontics;stomatology;general;dentist"", ""name"": ""Háziorvosi és fogorvosi rendelő"", ""toilets:wheelchair"": ""no"", ""wheelchair"": ""yes""}"
HU,Foglalkozás-egészségügyi rendelés,,doctor,doctors,,+36 20 553 6715,,,Mo 13:00-16:00; Th 09:00-12:00,47.6540424,18.3235909,node,2448628381,https://www.openstreetmap.org/node/2448628381,,,node/2448628381,"{""amenity"": ""doctors"", ""healthcare"": ""doctor"", ""name"": ""Foglalkozás-egészségügyi rendelés"", ""opening_hours"": ""Mo 13:00-16:00; Th 09:00-12:00"", ""phone"": ""+36 20 553 6715""}"
HU,Rendelőintézet Szentgotthárd,internal;dermatology;stomatology;otolaryngology;gastroenterology;neurology;gynaecology;oncology;orthopaedics;psychiatry;rheumatology;surgery;ophthalmology;trauma;urology,hospital,hospital,"Hunyadi János utca 18, Szentgotthárd, 9970",+36 94 554 103,,https://www.rendelointezetsztg.hu/,,46.9558898,16.2679064,node,2460223102,https://www.openstreetmap.org/node/2460223102,,,node/2460223102,"{""addr:city"": ""Szentgotthárd"", ""addr:housenumber"": ""18"", ""addr:postcode"": ""9970"", ""addr:street"": ""Hunyadi János utca"", ""amenity"": ""hospital"", ""healthcare"": ""hospital"", ""healthcare:speciality"": ""internal;dermatology;stomatology;otolaryngology;gastroenterology;neurology;gynaecology;oncology;orthopaedics;psychiatry;rheumatology;surgery;ophthalmology;trauma;urology"", ""name"": ""Rendelőintézet Szentgotthárd"", ""phone"": ""+36 94 554 103"", ""website"": ""https://www.rendelointezetsztg.hu/""}"
HU,,otolaryngology;neurology;surgery;gynaecology;dermatology;urology,,doctors,"Gábor Áron utca 2-10, Gödöllő, 2100",,,,,47.6005358,19.3487598,node,2776859673,https://www.openstreetmap.org/node/2776859673,,,node/2776859673,"{""addr:city"": ""Gödöllő"", ""addr:housenumber"": ""2-10"", ""addr:postcode"": ""2100"", ""addr:street"": ""Gábor Áron utca"", ""amenity"": ""doctors"", ""healthcare:speciality"": ""otolaryngology;neurology;surgery;gynaecology;dermatology;urology""}"
HU,Exclusive Dental fogászat,plastic_surgery;general;gynaecology;ophthalmology;internal;orthopaedics;chiropractic;dermatology;clinic,dentist,dentist,"Ferenciek tere 4, Budapest, 1053",+36 30 641 6051,exclusivedentalbp@gmail.com,https://exclusivedental.eu/,Mo-Fr 08:00-20:00; Sa 08:00-15:00,47.4923205,19.0564226,node,3223701291,https://www.openstreetmap.org/node/3223701291,Exclusive Dental Kft.,,node/3223701291,"{""addr:city"": ""Budapest"", ""addr:housenumber"": ""4"", ""addr:postcode"": ""1053"", ""addr:street"": ""Ferenciek tere"", ""amenity"": ""dentist"", ""check_date"": ""2024-06-27"", ""contact:email"": ""exclusivedentalbp@gmail.com"", ""contact:phone"": ""+36 30 641 6051"", ""contact:website"": ""https://exclusivedental.eu/"", ""description"": ""Implantológia, fogorvos, fogászati klinika"", ""healthcare"": ""dentist"", ""healthcare:speciality"": ""plastic_surgery;general;gynaecology;ophthalmology;internal;orthopaedics;chiropractic;dermatology;clinic"", ""name"": ""Exclusive Dental fogászat"", ""opening_hours"": ""Mo-Fr 08:00-20:00; Sa 08:00-15:00"", ""operator"": ""Exclusive Dental Kft."", ""payment:american_express"": ""yes"", ""payment:cards"": ""yes"", ""payment:cash"": ""yes"", ""payment:credit_cards"": ""yes"", ""payment:maestro"": ""yes"", ""payment:mastercard"": ""yes"", ""payment:visa"": ""yes"", ""payment:visa_electron"": ""yes"", ""wheelchair"": ""yes""}"
HU,Körzeti orvosi rendelő és fogászat,,doctor,doctors,,,,,,46.2761568,20.0606942,node,3437116468,https://www.openstreetmap.org/node/3437116468,,,node/3437116468,"{""amenity"": ""doctors"", ""healthcare"": ""doctor"", ""name"": ""Körzeti orvosi rendelő és fogászat"", ""source"": ""turistautak.hu"", ""source:date"": ""2011-06-24"", ""url"": ""http://turistautak.hu/poi.php?id=111563""}"
HU,"Orvosi, fogorvosi rendelő",,doctor,doctors,,,,,,46.6672557,17.6388823,node,3445485709,https://www.openstreetmap.org/node/3445485709,,,node/3445485709,"{""amenity"": ""doctors"", ""healthcare"": ""doctor"", ""name"": ""Orvosi, fogorvosi rendelő"", ""source"": ""turistautak.hu"", ""source:date"": ""2012-10-14"", ""url"": ""http://turistautak.hu/poi.php?id=83495""}"
HU,"Fogorvos, gyermekorvos",,doctor,doctors,,,,,,46.739517,18.96385,node,3452835492,https://www.openstreetmap.org/node/3452835492,,,node/3452835492,"{""amenity"": ""doctors"", ""healthcare"": ""doctor"", ""name"": ""Fogorvos, gyermekorvos"", ""source"": ""turistautak.hu"", ""source:date"": ""2012-01-01"", ""url"": ""http://turistautak.hu/poi.php?id=131395""}"
HU,Nőgyógyászati és gyermekorvosi rendelő,,doctor,doctors,"Diósdi út 36, Érd, 2030",,,,"Mo,We 16:30-18:30; Th 08:00-10:00",47.3850186,18.9248753,node,3836019317,https://www.openstreetmap.org/node/3836019317,,,node/3836019317,"{""addr:city"": ""Érd"", ""addr:housenumber"": ""36"", ""addr:postcode"": ""2030"", ""addr:street"": ""Diósdi út"", ""amenity"": ""doctors"", ""healthcare"": ""doctor"", ""name"": ""Nőgyógyászati és gyermekorvosi rendelő"", ""opening_hours"": ""Mo,We 16:30-18:30; Th 08:00-10:00""}"
HU,Nőgyógyászati Centrum 4D ultrahang vizsgálat,,doctor,doctors,"Kardos Albert utca 1, Debrecen, 4028",,,,,47.5442376,21.6309626,node,3849899633,https://www.openstreetmap.org/node/3849899633,,,node/3849899633,"{""addr:city"": ""Debrecen"", ""addr:housenumber"": ""1"", ""addr:postcode"": ""4028"", ""addr:street"": ""Kardos Albert utca"", ""amenity"": ""doctors"", ""fixme"": ""please add the proper name."", ""healthcare"": ""doctor"", ""name"": ""Nőgyógyászati Centrum 4D ultrahang vizsgálat""}"
HU,Belvárosi Orvosi Centrum,gynaecology;general;psychiatry;dermatology;radiology;urology;physiotherapy;neurology;surgery,clinic,clinic,"Ferenciek tere 7-8, Budapest, 1053",,info@boc.hu,https://belvarosiorvosicentrum.hu/,Mo-Fr 08:00-20:00,47.4928016,19.057211,node,4355679489,https://www.openstreetmap.org/node/4355679489,Belvárosi Orvosi Centrum Kft.,,node/4355679489,"{""addr:city"": ""Budapest"", ""addr:housenumber"": ""7-8"", ""addr:postcode"": ""1053"", ""addr:street"": ""Ferenciek tere"", ""amenity"": ""clinic"", ""contact:email"": ""info@boc.hu"", ""contact:facebook"": ""490136891083517"", ""contact:foursquare"": ""561e21e9498eb5ed5edd6ff2"", ""contact:mobile"": ""+36 30 372 6832;+36 30 870 7427"", ""contact:website"": ""https://belvarosiorvosicentrum.hu/"", ""healthcare"": ""clinic"", ""healthcare:speciality"": ""gynaecology;general;psychiatry;dermatology;radiology;urology;physiotherapy;neurology;surgery"", ""internet_access"": ""wlan"", ""name"": ""Belvárosi Orvosi Centrum"", ""opening_hours"": ""Mo-Fr 08:00-20:00"", ""operator"": ""Belvárosi Orvosi Centrum Kft."", ""ref:google"": ""/g/11byvcwrsf"", ""url"": ""https://medicall.cc/idopontfoglalas/boc/index""}"
HU,Fogorvosi rendelő,,doctor,doctors,"Bölönyi utca, Biharugra, 5538",,,,,46.9699603,21.5974322,node,4410524591,https://www.openstreetmap.org/node/4410524591,,,node/4410524591,"{""addr:city"": ""Biharugra"", ""addr:postcode"": ""5538"", ""addr:street"": ""Bölönyi utca"", ""amenity"": ""doctors"", ""healthcare"": ""doctor"", ""name"": ""Fogorvosi rendelő""}"
HU,"Körzeti orvos, fogorvos",,doctor,doctors,"Béke utca, 5537",,,,Mo-Su 08:00-12:00,46.9223873,21.4875977,node,4663069390,https://www.openstreetmap.org/node/4663069390,,,node/4663069390,"{""addr:postcode"": ""5537"", ""addr:street"": ""Béke utca"", ""amenity"": ""doctors"", ""healthcare"": ""doctor"", ""name"": ""Körzeti orvos, fogorvos"", ""name:hu"": ""Körzeti orvos, fogorvos"", ""opening_hours"": ""Mo-Su 08:00-12:00""}"
HU,Gynecologist Consulting Room,gynaecology,,doctors,,,,,,47.6142734,16.8005842,node,4848007358,https://www.openstreetmap.org/node/4848007358,,,node/4848007358,"{""amenity"": ""doctors"", ""healthcare:speciality"": ""gynaecology"", ""name"": ""Gynecologist Consulting Room""}"
HU,Fogszabályzó Centrum,,clinic,clinic,,,,https://fogszabalyzas.hu/,,46.2502492,20.1752767,node,4914340566,https://www.openstreetmap.org/node/4914340566,,,node/4914340566,"{""amenity"": ""clinic"", ""description"": ""Fogorvos, logopédia stb."", ""healthcare"": ""clinic"", ""name"": ""Fogszabályzó Centrum"", ""website"": ""https://fogszabalyzas.hu/""}"
HU,Medicover Klinika,gynaecology;internal;dermatology;urology;surgery;clinic,clinic,clinic,"Felső Tisza part 25, Szeged, 6723",+36 1 465 3100,info@medicover.hu,http://www.medicover.hu/clinics/medicover-klinika-szeged/,,46.2582789,20.1651804,node,5278549628,https://www.openstreetmap.org/node/5278549628,Medicover,,node/5278549628,"{""addr:city"": ""Szeged"", ""addr:housenumber"": ""25"", ""addr:postcode"": ""6723"", ""addr:street"": ""Felső Tisza part"", ""amenity"": ""clinic"", ""check_date"": ""2022-07-01"", ""email"": ""info@medicover.hu"", ""healthcare"": ""clinic"", ""healthcare:speciality"": ""gynaecology;internal;dermatology;urology;surgery;clinic"", ""name"": ""Medicover Klinika"", ""operator"": ""Medicover"", ""phone"": ""+36 1 465 3100"", ""website"": ""http://www.medicover.hu/clinics/medicover-klinika-szeged/""}"
HU,II. kerületi foglalkozás-egészségügyi rendelő,,doctor,doctors,"Ady Endre utca 1, Budapest, 1024",,,,,47.5135742,19.0299124,node,5341152135,https://www.openstreetmap.org/node/5341152135,II. Kerület Önkormányzat Egészségügyi Szolgálat,,node/5341152135,"{""addr:city"": ""Budapest"", ""addr:housenumber"": ""1"", ""addr:postcode"": ""1024"", ""addr:street"": ""Ady Endre utca"", ""amenity"": ""doctors"", ""healthcare"": ""doctor"", ""name"": ""II. kerületi foglalkozás-egészségügyi rendelő"", ""operator"": ""II. Kerület Önkormányzat Egészségügyi Szolgálat""}"
HU,,general;internal;gynaecology;orthopaedics;ophthalmology,doctor,doctors,,,,,,46.2484078,20.1430639,node,5475335289,https://www.openstreetmap.org/node/5475335289,,,node/5475335289,"{""amenity"": ""doctors"", ""healthcare"": ""doctor"", ""healthcare:speciality"": ""general;internal;gynaecology;orthopaedics;ophthalmology""}"
HU,Szülészeti-nőgyógyászati osztály,gynaecology,clinic,clinic,,,,http://bajcsyszul.hu/,,47.478563,19.1610991,node,5649961175,https://www.openstreetmap.org/node/5649961175,Szülészet,,node/5649961175,"{""amenity"": ""clinic"", ""healthcare"": ""clinic"", ""healthcare:speciality"": ""gynaecology"", ""level"": ""3"", ""name"": ""Szülészeti-nőgyógyászati osztály"", ""operator"": ""Szülészet"", ""url"": ""http://bajcsy.hu/szuleszet-nogyogyaszat/"", ""website"": ""http://bajcsyszul.hu/"", ""wheelchair"": ""yes""}"
HU,Dr Zámbori Nőgyógyász magánrendelő,,doctor,doctors,"Hősök tere 19, Dorog, 2510",,,,,47.7184617,18.7305526,node,5663667556,https://www.openstreetmap.org/node/5663667556,,,node/5663667556,"{""addr:city"": ""Dorog"", ""addr:housenumber"": ""19"", ""addr:postcode"": ""2510"", ""addr:street"": ""Hősök tere"", ""amenity"": ""doctors"", ""healthcare"": ""doctor"", ""name"": ""Dr Zámbori Nőgyógyász magánrendelő""}"
HU,Szülészeti- és Nőgyógyászati Klinika,gynaecology,hospital,,,,,,,47.4824722,19.0821227,node,6185861590,https://www.openstreetmap.org/node/6185861590,Semmelweis Egyetem,,node/6185861590,"{""healthcare"": ""hospital"", ""healthcare:speciality"": ""gynaecology"", ""name"": ""Szülészeti- és Nőgyógyászati Klinika"", ""operator"": ""Semmelweis Egyetem""}"
HU,,gynaecology,doctor,,,,,,Mo 17:00-20:00; Fr 18:00-20:00; PH off,46.2559861,20.1538864,node,6389298707,https://www.openstreetmap.org/node/6389298707,,,node/6389298707,"{""healthcare"": ""doctor"", ""healthcare:speciality"": ""gynaecology"", ""office"": ""physician"", ""opening_hours"": ""Mo 17:00-20:00; Fr 18:00-20:00; PH off""}"
HU,L33 Medical Corvin,gynaecology,centre,,"Üllői út 44, Budapest, 1082",+36 1 445 1033,corvin@l33.hu,https://l33.hu/corvin/,Mo-Fr 08:00-20:00,47.4856207,19.0712516,node,6575467723,https://www.openstreetmap.org/node/6575467723,,,node/6575467723,"{""addr:city"": ""Budapest"", ""addr:housenumber"": ""44"", ""addr:postcode"": ""1082"", ""addr:street"": ""Üllői út"", ""contact:website"": ""https://l33.hu/corvin/"", ""email"": ""corvin@l33.hu"", ""healthcare"": ""centre"", ""healthcare:speciality"": ""gynaecology"", ""name"": ""L33 Medical Corvin"", ""opening_hours"": ""Mo-Fr 08:00-20:00"", ""phone"": ""+36 1 445 1033""}"
HU,Fogászati rendelő,dentist,hospital,hospital,,,,,,46.7885569,16.9315999,node,7626275215,https://www.openstreetmap.org/node/7626275215,,,node/7626275215,"{""amenity"": ""hospital"", ""healthcare"": ""hospital"", ""healthcare:speciality"": ""dentist"", ""name"": ""Fogászati rendelő"", ""name:de"": ""Zahnarztpraxis"", ""name:en"": ""Dental office""}"
HU,"Háziorvos, Foglalkozás-egészségügyi szakorvos",,doctor,doctors,"Nyitrai utca 3, Esztergom, 2509",,,,,47.7385311,18.7269865,node,7636446015,https://www.openstreetmap.org/node/7636446015,Dr. Baumann Marcell András,,node/7636446015,"{""addr:city"": ""Esztergom"", ""addr:housenumber"": ""3"", ""addr:postcode"": ""2509"", ""addr:street"": ""Nyitrai utca"", ""addr:suburb"": ""Kertváros"", ""amenity"": ""doctors"", ""healthcare"": ""doctor"", ""name"": ""Háziorvos, Foglalkozás-egészségügyi szakorvos"", ""operator"": ""Dr. Baumann Marcell András""}"
HU,For Life Medical Center,gynaecology;ultrasound;urology;andrology;prenatal_care;psychology;laboratory;endocrinology;dietetics;infertility,doctor,,"Bródy Sándor utca 28, Budapest, 1088",+36 70 677 4813,info@forlifemedical.hu,https://forlifemedical.hu/,Mo-Fr 08:00-21:00,47.4927541,19.065838,node,7666639367,https://www.openstreetmap.org/node/7666639367,For Life Medical Center Kft.,,node/7666639367,"{""addr:city"": ""Budapest"", ""addr:housenumber"": ""28"", ""addr:postcode"": ""1088"", ""addr:street"": ""Bródy Sándor utca"", ""email"": ""info@forlifemedical.hu"", ""healthcare"": ""doctor"", ""healthcare:speciality"": ""gynaecology;ultrasound;urology;andrology;prenatal_care;psychology;laboratory;endocrinology;dietetics;infertility"", ""name"": ""For Life Medical Center"", ""opening_hours"": ""Mo-Fr 08:00-21:00"", ""operator"": ""For Life Medical Center Kft."", ""phone"": ""+36 70 677 4813"", ""website"": ""https://forlifemedical.hu/""}"
HU,Czeizel Intézet Prenatal,fertility;gynaecology,clinic,clinic,"Bérc utca 23, Budapest, 1016",+36 20 772-5845,,https://czeizelintezet.hu/,,47.4870924,19.040287,node,7863955984,https://www.openstreetmap.org/node/7863955984,,,node/7863955984,"{""addr:city"": ""Budapest"", ""addr:housenumber"": ""23"", ""addr:postcode"": ""1016"", ""addr:street"": ""Bérc utca"", ""amenity"": ""clinic"", ""healthcare"": ""clinic"", ""healthcare:speciality"": ""fertility;gynaecology"", ""name"": ""Czeizel Intézet Prenatal"", ""phone"": ""+36 20 772-5845"", ""website"": ""https://czeizelintezet.hu/""}"
HU,,gynaecology,doctor,doctors,"Széchenyi Imre utca 5/B, Balatonföldvár, 8623",,,https://www.timmermann.hu/,,46.8508693,17.8795486,node,9020143111,https://www.openstreetmap.org/node/9020143111,,,node/9020143111,"{""addr:city"": ""Balatonföldvár"", ""addr:housenumber"": ""5/B"", ""addr:postcode"": ""8623"", ""addr:street"": ""Széchenyi Imre utca"", ""amenity"": ""doctors"", ""healthcare"": ""doctor"", ""healthcare:speciality"": ""gynaecology"", ""website"": ""https://www.timmermann.hu/""}"
HU,Szülészet-nőgyógyászati oszt.,,clinic,clinic,,,,,,46.3593627,17.7986817,node,9415504501,https://www.openstreetmap.org/node/9415504501,Somogy Megyei Kaposi Mór Oktató Kórház,,node/9415504501,"{""amenity"": ""clinic"", ""healthcare"": ""clinic"", ""name"": ""Szülészet-nőgyógyászati oszt."", ""operator"": ""Somogy Megyei Kaposi Mór Oktató Kórház""}"
HU,Foglalkozás-egészségügy,,clinic,clinic,,,,,,46.3596707,17.7994997,node,9415600135,https://www.openstreetmap.org/node/9415600135,Somogy Megyei Kaposi Mór Oktató Kórház,,node/9415600135,"{""amenity"": ""clinic"", ""healthcare"": ""clinic"", ""name"": ""Foglalkozás-egészségügy"", ""operator"": ""Somogy Megyei Kaposi Mór Oktató Kórház""}"
HU,logopédia,,doctor,doctors,,,,,,47.4715918,19.0499396,node,9871626625,https://www.openstreetmap.org/node/9871626625,,,node/9871626625,"{""amenity"": ""doctors"", ""check_date"": ""2023-05-07"", ""check_date:opening_hours"": ""2024-02-09"", ""healthcare"": ""doctor"", ""name"": ""logopédia"", ""opening_hours:signed"": ""no""}"
HU,Nőgyógyászat,gynaecology,doctor,doctors,,,,,,47.4617691,18.9618431,node,10656030388,https://www.openstreetmap.org/node/10656030388,,,node/10656030388,"{""amenity"": ""doctors"", ""healthcare"": ""doctor"", ""healthcare:speciality"": ""gynaecology"", ""name"": ""Nőgyógyászat""}"
HU,Dimenzió- Med Egészségközpont,gynaecology;dermatology;cardiology;internal;diagnostic_radiology,yes,clinic,,+36 30 698-6452,,https://www.dimenzio.net,,47.5053644,19.0493594,node,10716548300,https://www.openstreetmap.org/node/10716548300,,,node/10716548300,"{""amenity"": ""clinic"", ""contact:phone"": ""+36 30 698-6452"", ""contact:website"": ""https://www.dimenzio.net"", ""healthcare"": ""yes"", ""healthcare:speciality"": ""gynaecology;dermatology;cardiology;internal;diagnostic_radiology"", ""name"": ""Dimenzió- Med Egészségközpont""}"
HU,Nőgyógyászati rendelés,,doctor,doctors,,,,,,47.1887941,18.411195,node,11243673886,https://www.openstreetmap.org/node/11243673886,,,node/11243673886,"{""amenity"": ""doctors"", ""check_date"": ""2023-10-06"", ""healthcare"": ""doctor"", ""name"": ""Nőgyógyászati rendelés""}"
HU,Szülészet-nőgyógyászati rendelő,,doctor,doctors,,,,,,47.5187133,19.0364882,node,11765998758,https://www.openstreetmap.org/node/11765998758,,,node/11765998758,"{""amenity"": ""doctors"", ""healthcare"": ""doctor"", ""name"": ""Szülészet-nőgyógyászati rendelő""}"
HU,JJGyn Rendelő,gynaecology,doctor,doctors,,,jjgyn.rendelo@gmail.com,,,47.4889943,19.0131065,node,11943403869,https://www.openstreetmap.org/node/11943403869,Dr. Joó József Gábor,,node/11943403869,"{""amenity"": ""doctors"", ""contact:email"": ""jjgyn.rendelo@gmail.com"", ""contact:facebook"": ""JJGynrendelo"", ""healthcare"": ""doctor"", ""healthcare:speciality"": ""gynaecology"", ""name"": ""JJGyn Rendelő"", ""operator"": ""Dr. Joó József Gábor""}"
HU,L33 Medical Pasarét,gynaecology,doctor,doctors,"Pasaréti út 38/b, Budapest, 1026",+36 1 445 1033,pasaret@l33.hu,https://l33.hu/,Mo-Fr 08:00-20:00,47.514011,19.0072708,node,12018225504,https://www.openstreetmap.org/node/12018225504,L33 Pasa gyn Kft.,,node/12018225504,"{""addr:city"": ""Budapest"", ""addr:housenumber"": ""38/b"", ""addr:postcode"": ""1026"", ""addr:street"": ""Pasaréti út"", ""amenity"": ""doctors"", ""contact:email"": ""pasaret@l33.hu"", ""contact:facebook"": ""https://www.facebook.com/l33medical/"", ""contact:instagram"": ""https://www.instagram.com/nogyogyasznaplo/"", ""contact:phone"": ""+36 1 445 1033"", ""contact:website"": ""https://l33.hu/"", ""contact:youtube"": ""https://www.youtube.com/channel/UCervfsWTuB4lpk4o4i_L-Xg"", ""healthcare"": ""doctor"", ""healthcare:speciality"": ""gynaecology"", ""level"": ""1"", ""name"": ""L33 Medical Pasarét"", ""opening_hours"": ""Mo-Fr 08:00-20:00"", ""operator"": ""L33 Pasa gyn Kft."", ""ref:HU:vatin"": ""29307667-1-41""}"
HU,Medicover Klinika és Fogászat Miskolc,,doctor,doctors,"Mindszent tér 3, Miskolc, 3530",,,https://medicover.hu/klinikaink/medicover-klinika-es-fogaszat-miskolc/,,48.0981717,20.7858525,node,12140194563,https://www.openstreetmap.org/node/12140194563,,Medicover,node/12140194563,"{""addr:city"": ""Miskolc"", ""addr:housenumber"": ""3"", ""addr:postcode"": ""3530"", ""addr:street"": ""Mindszent tér"", ""amenity"": ""doctors"", ""brand"": ""Medicover"", ""contact:website"": ""https://medicover.hu/klinikaink/medicover-klinika-es-fogaszat-miskolc/"", ""healthcare"": ""doctor"", ""name"": ""Medicover Klinika és Fogászat Miskolc""}"
HU,Golden Medical Center,cardiology;dermatology;gynaecology;internal;otolaryngology,doctor,doctors,,+36 1 770 7065,,,,47.5228205,19.0581774,node,12184507942,https://www.openstreetmap.org/node/12184507942,,,node/12184507942,"{""amenity"": ""doctors"", ""contact:phone"": ""+36 1 770 7065"", ""healthcare"": ""doctor"", ""healthcare:speciality"": ""cardiology;dermatology;gynaecology;internal;otolaryngology"", ""level"": ""0"", ""name"": ""Golden Medical Center"", ""wheelchair"": ""yes""}"
HU,Dr. Szakács Szilvia szülész-nőgyógyász,gynaecology,doctor,doctors,"Seregélyesi út 17, Székesfehérvár, 8000",,,,We 08:00-14:00,47.1924443,18.4395205,node,12457323491,https://www.openstreetmap.org/node/12457323491,,,node/12457323491,"{""addr:city"": ""Székesfehérvár"", ""addr:housenumber"": ""17"", ""addr:postcode"": ""8000"", ""addr:street"": ""Seregélyesi út"", ""amenity"": ""doctors"", ""healthcare"": ""doctor"", ""healthcare:speciality"": ""gynaecology"", ""name"": ""Dr. Szakács Szilvia szülész-nőgyógyász"", ""opening_hours"": ""We 08:00-14:00""}"
HU,Család- és nővédelmi tanácsadó,family_planning,doctor,doctors,"Vasmű út 10, Dunaújváros, 2400",,,,Mo-Fr 09:00-12:00; PH off,46.9634491,18.9424283,node,12770260470,https://www.openstreetmap.org/node/12770260470,dr. Baráth Károly,,node/12770260470,"{""addr:city"": ""Dunaújváros"", ""addr:housenumber"": ""10"", ""addr:postcode"": ""2400"", ""addr:street"": ""Vasmű út"", ""amenity"": ""doctors"", ""appointment"": ""yes"", ""healthcare"": ""doctor"", ""healthcare:speciality"": ""family_planning"", ""level"": ""2"", ""name"": ""Család- és nővédelmi tanácsadó"", ""opening_hours"": ""Mo-Fr 09:00-12:00; PH off"", ""operator"": ""dr. Baráth Károly"", ""phone:appointment"": ""+36 25 550 560""}"
HU,I. szülészet-nőgyógyászat,gynecology,doctor,doctors,"Vasmű út 10, Dunaújváros, 2400",,,,Mo-Fr 12:00-15:00; PH off,46.9634351,18.942439,node,12770260471,https://www.openstreetmap.org/node/12770260471,dr. Baráth Károly,,node/12770260471,"{""addr:city"": ""Dunaújváros"", ""addr:housenumber"": ""10"", ""addr:postcode"": ""2400"", ""addr:street"": ""Vasmű út"", ""amenity"": ""doctors"", ""appointment"": ""yes"", ""healthcare"": ""doctor"", ""healthcare:speciality"": ""gynecology"", ""level"": ""2"", ""name"": ""I. szülészet-nőgyógyászat"", ""opening_hours"": ""Mo-Fr 12:00-15:00; PH off"", ""operator"": ""dr. Baráth Károly"", ""phone:appointment"": ""+36 25 550 560""}"
HU,Sebészeti és foglalkozásügyi magánrendelő,,doctor,doctors,,+36 37 317 827; +36 30 985 4355,,,,47.7756585,19.9225768,node,12892129550,https://www.openstreetmap.org/node/12892129550,IATER-Szolg Egészségügyi Szolgáltató Kft.,,node/12892129550,"{""amenity"": ""doctors"", ""check_date"": ""2025-06-06"", ""contact:phone"": ""+36 37 317 827; +36 30 985 4355"", ""healthcare"": ""doctor"", ""name"": ""Sebészeti és foglalkozásügyi magánrendelő"", ""operator"": ""IATER-Szolg Egészségügyi Szolgáltató Kft."", ""wheelchair"": ""no""}"
HU,Óvárosi Nőgyógyászati Magánrendelő,,doctor,doctors,,,,,,47.5389409,21.6325675,node,12963991717,https://www.openstreetmap.org/node/12963991717,,,node/12963991717,"{""amenity"": ""doctors"", ""healthcare"": ""doctor"", ""name"": ""Óvárosi Nőgyógyászati Magánrendelő""}"
HU,NMC Nagyerdei Medical Center,gynaecology,clinic,clinic,,,,,,47.5420949,21.6292276,node,12985595059,https://www.openstreetmap.org/node/12985595059,,,node/12985595059,"{""amenity"": ""clinic"", ""healthcare"": ""clinic"", ""healthcare:speciality"": ""gynaecology"", ""name"": ""NMC Nagyerdei Medical Center""}"
HU,Oxygen Medical,vascular_surgery;occupational;gynaecology;orthopaedics;proctology;surgery;ophthalmology;urology,,clinic,"Bosnyák utca 48-50, Budapest, 1141",+36 20 250 9373,recepcio@oxygenmedical.hu,https://oxygenmedical.hu/,Mo-Fr 08:00-20:00,47.5209752,19.116394,node,12990033311,https://www.openstreetmap.org/node/12990033311,,,node/12990033311,"{""addr:city"": ""Budapest"", ""addr:housenumber"": ""48-50"", ""addr:postcode"": ""1141"", ""addr:street"": ""Bosnyák utca"", ""amenity"": ""clinic"", ""branch"": ""Bosnyák tér"", ""contact:email"": ""recepcio@oxygenmedical.hu"", ""contact:phone"": ""+36 20 250 9373"", ""contact:phone:en"": ""+36 20 210 6486"", ""contact:website"": ""https://oxygenmedical.hu/"", ""healthcare:speciality"": ""vascular_surgery;occupational;gynaecology;orthopaedics;proctology;surgery;ophthalmology;urology"", ""name"": ""Oxygen Medical"", ""opening_hours"": ""Mo-Fr 08:00-20:00""}"
HU,medoc Egészségközpont,vascular_surgery;gastroenterology;otolaryngology;pulmonology;ophthalmology;neurology;rheumatology;allergology;cardiology;gynaecology;internal;plastic_surgery;dermatology,doctor,doctors,,,,,Mo-Fr 07:00-20:00,47.5194421,19.0659815,node,13284634425,https://www.openstreetmap.org/node/13284634425,,,node/13284634425,"{""amenity"": ""doctors"", ""check_date"": ""2025-11-06"", ""healthcare"": ""doctor"", ""healthcare:speciality"": ""vascular_surgery;gastroenterology;otolaryngology;pulmonology;ophthalmology;neurology;rheumatology;allergology;cardiology;gynaecology;internal;plastic_surgery;dermatology"", ""name"": ""medoc Egészségközpont"", ""opening_hours"": ""Mo-Fr 07:00-20:00"", ""wheelchair"": ""yes""}"
HU,Fogászati és Szájsebészeti Klinika,maxillofacial_surgery,hospital,,,,,,,46.0734229,18.2249401,way,40137732,https://www.openstreetmap.org/way/40137732,,,way/40137732,"{""building"": ""hospital"", ""healthcare"": ""hospital"", ""healthcare:speciality"": ""maxillofacial_surgery"", ""name"": ""Fogászati és Szájsebészeti Klinika""}"
HU,Dorogi Szent Borbála Szakkórház és Szakorvosi Rendelő,,hospital,hospital,,,,,,47.7191576,18.7336535,way,41667689,https://www.openstreetmap.org/way/41667689,,,way/41667689,"{""amenity"": ""hospital"", ""healthcare"": ""hospital"", ""name"": ""Dorogi Szent Borbála Szakkórház és Szakorvosi Rendelő""}"
HU,Szülészeti és Nőgyógyászati Klinika,gynaecology,hospital,hospital,,,,http://www.klinikaikozpont.u-szeged.hu/obgyn/hu/,,46.2461168,20.1472171,way,92875887,https://www.openstreetmap.org/way/92875887,,,way/92875887,"{""amenity"": ""hospital"", ""building"": ""hospital"", ""building:levels"": ""5"", ""healthcare"": ""hospital"", ""healthcare:speciality"": ""gynaecology"", ""name"": ""Szülészeti és Nőgyógyászati Klinika"", ""website"": ""http://www.klinikaikozpont.u-szeged.hu/obgyn/hu/""}"
HU,Dr. Vass László Egészségügyi Intézmény,internal;diabetology;endocrinology;gastroenterology;rheumatology;neurology;ophthalmology;gynaecology;surgery;urology;orthopaedics;osteopathy;dermatology,hospital,hospital,"Rákos út 77/a, Budapest, 1152",+36 1 506 0100;+36 1 506 0138;+36 1 506 0139,titkarsag@xv-euint.hu;recepcio@xv-euint.hu,https://www.xv-euint.hu/,,47.5536243,19.1178215,way,126100930,https://www.openstreetmap.org/way/126100930,Budapest XV. Kerületi Önkormányzat,,way/126100930,"{""addr:city"": ""Budapest"", ""addr:housenumber"": ""77/a"", ""addr:postcode"": ""1152"", ""addr:street"": ""Rákos út"", ""alt_name"": ""Rákos úti szakrendelő"", ""amenity"": ""hospital"", ""building"": ""public"", ""check_date"": ""2024-04-01"", ""contact:email"": ""titkarsag@xv-euint.hu;recepcio@xv-euint.hu"", ""contact:phone"": ""+36 1 506 0100;+36 1 506 0138;+36 1 506 0139"", ""emergency"": ""no"", ""healthcare"": ""hospital"", ""healthcare:speciality"": ""internal;diabetology;endocrinology;gastroenterology;rheumatology;neurology;ophthalmology;gynaecology;surgery;urology;orthopaedics;osteopathy;dermatology"", ""loc_name"": ""Rákos úti SZTK"", ""name"": ""Dr. Vass László Egészségügyi Intézmény"", ""operator"": ""Budapest XV. Kerületi Önkormányzat"", ""operator:email"": ""info@bpxv.hu"", ""operator:type"": ""public"", ""operator:website"": ""https://www.bpxv.hu/"", ""source"": ""website;local knowledge"", ""website"": ""https://www.xv-euint.hu/"", ""wheelchair"": ""yes""}"
HU,Csolnoky Ferenc Kórház,dental_oral_maxillo_facial_surgery;internal;dermatology;paediatrics;otolaryngology;radiology;anaesthetics;gynaecology;blood_check;neurology;oncology;pathology;child_psychiatry;psychiatry;rheumatology;surgery;vascular_surgery;emergency;ophthalmology;urolog,hospital,hospital,"Kórház utca 1, Veszprém, 8200",+36 88 556 000,info@csfk.hu,https://csfk.hu/,,47.0904081,17.9103335,way,166990154,https://www.openstreetmap.org/way/166990154,Országos Kórházi Főigazgatóság,,way/166990154,"{""addr:city"": ""Veszprém"", ""addr:housenumber"": ""1"", ""addr:postcode"": ""8200"", ""addr:street"": ""Kórház utca"", ""amenity"": ""hospital"", ""contact:email"": ""info@csfk.hu"", ""contact:facebook"": ""https://www.facebook.com/csolnokyferenckorhaz"", ""contact:phone"": ""+36 88 556 000"", ""contact:website"": ""https://csfk.hu/"", ""emergency"": ""yes"", ""healthcare"": ""hospital"", ""healthcare:speciality"": ""dental_oral_maxillo_facial_surgery;internal;dermatology;paediatrics;otolaryngology;radiology;anaesthetics;gynaecology;blood_check;neurology;oncology;pathology;child_psychiatry;psychiatry;rheumatology;surgery;vascular_surgery;emergency;ophthalmology;urolog"", ""name"": ""Csolnoky Ferenc Kórház"", ""official_name"": ""Veszprém Vármegyei Csolnoky Ferenc Kórház"", ""operator"": ""Országos Kórházi Főigazgatóság"", ""operator:type"": ""government"", ""wheelchair"": ""yes""}"
HU,Jósa András Oktatókórház,emergency;cardiology;otolaryngology;ophthalmology;gynaecology;internal;blood_check;child_psychiatry;dental_oral_maxillo_facial_surgery;vascular_surgery;trauma;rheumatology;orthodontics;surgery;endocrinology;hepatology;neurosurgery;infectious_diseases,hospital,hospital,"Szent István utca 68, Nyíregyháza, 4400",+36 42 599 700;+36 42 506 800,,https://www.szszbmk.hu/,,47.951097,21.7305079,way,184165371,https://www.openstreetmap.org/way/184165371,,,way/184165371,"{""addr:city"": ""Nyíregyháza"", ""addr:housenumber"": ""68"", ""addr:postcode"": ""4400"", ""addr:street"": ""Szent István utca"", ""amenity"": ""hospital"", ""contact:fax"": ""+36 42 461 174"", ""emergency"": ""yes"", ""healthcare"": ""hospital"", ""healthcare:speciality"": ""emergency;cardiology;otolaryngology;ophthalmology;gynaecology;internal;blood_check;child_psychiatry;dental_oral_maxillo_facial_surgery;vascular_surgery;trauma;rheumatology;orthodontics;surgery;endocrinology;hepatology;neurosurgery;infectious_diseases"", ""name"": ""Jósa András Oktatókórház"", ""phone"": ""+36 42 599 700;+36 42 506 800"", ""website"": ""https://www.szszbmk.hu/"", ""wheelchair"": ""yes""}"
HU,I. Sz. Szülészeti és Nőgyógyászati Klinika,gynaecology,hospital,,"Baross utca 27, Budapest, 1082",,,http://noi1.hu/,,47.4889588,19.0681033,way,201175242,https://www.openstreetmap.org/way/201175242,,,way/201175242,"{""addr:city"": ""Budapest"", ""addr:housenumber"": ""27"", ""addr:postcode"": ""1082"", ""addr:street"": ""Baross utca"", ""building"": ""hospital"", ""building:levels"": ""3"", ""check_date"": ""2025-03-19"", ""healthcare"": ""hospital"", ""healthcare:speciality"": ""gynaecology"", ""name"": ""I. Sz. Szülészeti és Nőgyógyászati Klinika"", ""name:hu"": ""I. Sz. Szülészeti és Nőgyógyászati Klinika"", ""website"": ""http://noi1.hu/""}"
HU,,internal;dermatology;gynaecology;ophthalmology,clinic,clinic,,,,,,47.2597361,17.8747629,way,225777260,https://www.openstreetmap.org/way/225777260,,,way/225777260,"{""amenity"": ""clinic"", ""building"": ""hospital"", ""healthcare"": ""clinic"", ""healthcare:speciality"": ""internal;dermatology;gynaecology;ophthalmology""}"
HU,Arc- Állcsont- Szájsebészeti és Fogászati Klinika,dental_oral_maxillo_facial_surgery,hospital,hospital,"Mária utca 52, Budapest, 1085",,,https://semmelweis.hu/szajsebeszet/,,47.4875187,19.0686373,way,249386092,https://www.openstreetmap.org/way/249386092,Semmelweis Egyetem,,way/249386092,"{""addr:city"": ""Budapest"", ""addr:housenumber"": ""52"", ""addr:postcode"": ""1085"", ""addr:street"": ""Mária utca"", ""amenity"": ""hospital"", ""building"": ""hospital"", ""building:levels"": ""4"", ""healthcare"": ""hospital"", ""healthcare:speciality"": ""dental_oral_maxillo_facial_surgery"", ""name"": ""Arc- Állcsont- Szájsebészeti és Fogászati Klinika"", ""operator"": ""Semmelweis Egyetem"", ""website"": ""https://semmelweis.hu/szajsebeszet/"", ""wheelchair"": ""no""}"
HU,Istenhegyi Géndiagnosztikai Centrum,fertility;gynaecology,,clinic,"Zalatnai utca 2, Budapest, 1125",+36 1 580 8600,,https://gendiagnosztika.hu,Mo-Th 08:00-18:30; Fr 08:00-16:30,47.5017778,19.0077579,way,250718799,https://www.openstreetmap.org/way/250718799,,,way/250718799,"{""addr:city"": ""Budapest"", ""addr:housenumber"": ""2"", ""addr:postcode"": ""1125"", ""addr:street"": ""Zalatnai utca"", ""alt_name"": ""Istenhegyi Génklinika; Istenhegyi Géndiagnosztika"", ""amenity"": ""clinic"", ""building"": ""hospital"", ""building:levels"": ""2"", ""healthcare:speciality"": ""fertility;gynaecology"", ""name"": ""Istenhegyi Géndiagnosztikai Centrum"", ""opening_hours"": ""Mo-Th 08:00-18:30; Fr 08:00-16:30"", ""phone"": ""+36 1 580 8600"", ""roof:shape"": ""flat"", ""website"": ""https://gendiagnosztika.hu""}"
HU,Almási Balogh Pál Kórház,,hospital,hospital,Ózd,,,,,48.2085501,20.2915535,way,272537772,https://www.openstreetmap.org/way/272537772,,,way/272537772,"{""addr:city"": ""Ózd"", ""amenity"": ""hospital"", ""healthcare"": ""hospital"", ""name"": ""Almási Balogh Pál Kórház""}"
HU,"Háziorvos, védőnő, fogászat",,doctor,doctors,"Markovics János utca 17, Pápateszér, 8556",,,,,47.3840272,17.6966892,way,295232437,https://www.openstreetmap.org/way/295232437,,,way/295232437,"{""addr:city"": ""Pápateszér"", ""addr:housenumber"": ""17"", ""addr:postcode"": ""8556"", ""addr:street"": ""Markovics János utca"", ""amenity"": ""doctors"", ""building"": ""yes"", ""healthcare"": ""doctor"", ""name"": ""Háziorvos, védőnő, fogászat"", ""source"": ""Bing""}"
HU,III. Háziorvosi és Foglalkozásegészségügyi Rendelő,,doctor,doctors,,+36 37 311 635,,,"Mo,We 08:00-13:00; Tu,Th 13:00-16:00; Fr 08:00-12:00; Sa-Su off",47.7866686,19.930602,way,297581683,https://www.openstreetmap.org/way/297581683,Dr. Kosztya és Társa Háziorvosi és Foglalkozásegészségügyi Bt.,,way/297581683,"{""amenity"": ""doctors"", ""building"": ""yes"", ""check_date"": ""2025-04-24"", ""contact:phone"": ""+36 37 311 635"", ""healthcare"": ""doctor"", ""name"": ""III. Háziorvosi és Foglalkozásegészségügyi Rendelő"", ""opening_hours"": ""Mo,We 08:00-13:00; Tu,Th 13:00-16:00; Fr 08:00-12:00; Sa-Su off"", ""operator"": ""Dr. Kosztya és Társa Háziorvosi és Foglalkozásegészségügyi Bt."", ""wheelchair"": ""yes""}"
HU,Kertvárosi Rendelőintézet,blood_check;gynaecology;rheumatology,doctor,doctors,"Csontváry utca 6/1, Pécs, 7632",+36 72 587 400,eeipecs@eeipecs.hu,https://www.eeipecs.hu/,Mo-Fr 07:00-17:00; PH off,46.0397028,18.2232312,way,331502655,https://www.openstreetmap.org/way/331502655,,,way/331502655,"{""addr:city"": ""Pécs"", ""addr:housenumber"": ""6/1"", ""addr:postcode"": ""7632"", ""addr:street"": ""Csontváry utca"", ""amenity"": ""doctors"", ""building"": ""hospital"", ""building:levels"": ""3"", ""contact:email"": ""eeipecs@eeipecs.hu"", ""contact:phone"": ""+36 72 587 400"", ""description"": ""Szakrendelések: Fizioterápia, Reumatológia, Laboratórium, Nőgyógyászat"", ""healthcare"": ""doctor"", ""healthcare:speciality"": ""blood_check;gynaecology;rheumatology"", ""name"": ""Kertvárosi Rendelőintézet"", ""opening_hours"": ""Mo-Fr 07:00-17:00; PH off"", ""website"": ""https://www.eeipecs.hu/"", ""wheelchair"": ""yes""}"
HU,"Védőnő, fogorvos",,doctor,doctors,,,,,,46.966323,16.6101255,way,378219655,https://www.openstreetmap.org/way/378219655,,,way/378219655,"{""amenity"": ""doctors"", ""building"": ""yes"", ""healthcare"": ""doctor"", ""name"": ""Védőnő, fogorvos""}"
HU,Dorogi Szent Borbála Szakkórház és Szakorvosi Rendelő,,doctor,doctors,"Mária utca 20, Dorog, 2510",,,,,47.7187241,18.7354369,way,416805668,https://www.openstreetmap.org/way/416805668,,,way/416805668,"{""addr:city"": ""Dorog"", ""addr:housenumber"": ""20"", ""addr:postcode"": ""2510"", ""addr:street"": ""Mária utca"", ""amenity"": ""doctors"", ""building"": ""yes"", ""healthcare"": ""doctor"", ""name"": ""Dorogi Szent Borbála Szakkórház és Szakorvosi Rendelő"", ""wheelchair"": ""yes""}"
HU,"Gyermekorvos, gyermekfogászat, védőnő",,doctor,doctors,"Csengettyű utca 23, Budapest, 1098",,,,,47.4635155,19.1174622,way,472033947,https://www.openstreetmap.org/way/472033947,,,way/472033947,"{""addr:city"": ""Budapest"", ""addr:housenumber"": ""23"", ""addr:postcode"": ""1098"", ""addr:street"": ""Csengettyű utca"", ""amenity"": ""doctors"", ""building"": ""hospital"", ""healthcare"": ""doctor"", ""name"": ""Gyermekorvos, gyermekfogászat, védőnő""}"
HU,Dorogi Szent Borbála Szakkórház és Szakorvosi Rendelő (Tüdőgondozó),,clinic,clinic,,,,,,47.719233,18.7349625,way,545117850,https://www.openstreetmap.org/way/545117850,,,way/545117850,"{""amenity"": ""clinic"", ""building"": ""yes"", ""healthcare"": ""clinic"", ""name"": ""Dorogi Szent Borbála Szakkórház és Szakorvosi Rendelő (Tüdőgondozó)""}"
HU,Dorogi Szent Borbála Szakkórház,,hospital,hospital,"Kossuth Lajos utca 6, Dorog, 2510",,info@dorogkorhaz.hu,,,47.7190601,18.7338028,way,573319733,https://www.openstreetmap.org/way/573319733,,,way/573319733,"{""addr:city"": ""Dorog"", ""addr:housenumber"": ""6"", ""addr:postcode"": ""2510"", ""addr:street"": ""Kossuth Lajos utca"", ""amenity"": ""hospital"", ""capacity"": ""125"", ""email"": ""info@dorogkorhaz.hu"", ""emergency"": ""yes"", ""healthcare"": ""hospital"", ""name"": ""Dorogi Szent Borbála Szakkórház""}"
HU,"fogorvos, házi és gyermekorvos",,clinic,clinic,,,,,,47.5199903,19.5443169,way,585340318,https://www.openstreetmap.org/way/585340318,,,way/585340318,"{""amenity"": ""clinic"", ""building"": ""yes"", ""healthcare"": ""clinic"", ""name"": ""fogorvos, házi és gyermekorvos""}"
HU,Békési Gyógyászati Központ és Gyógyfürdő,general;otolaryngology;paediatrics;dermatology;gynaecology,clinic,clinic,"József Attila utca 5, Békés, 5630",+36 66 411 022,,https://bekesirendelo.hu/,,46.7690246,21.1313812,way,597785659,https://www.openstreetmap.org/way/597785659,,,way/597785659,"{""addr:city"": ""Békés"", ""addr:housenumber"": ""5"", ""addr:postcode"": ""5630"", ""addr:street"": ""József Attila utca"", ""amenity"": ""clinic"", ""healthcare"": ""clinic"", ""healthcare:speciality"": ""general;otolaryngology;paediatrics;dermatology;gynaecology"", ""name"": ""Békési Gyógyászati Központ és Gyógyfürdő"", ""phone"": ""+36 66 411 022"", ""website"": ""https://bekesirendelo.hu/""}"
HU,PTE Szülészeti és Nőgyógyászati Klinika,gynaecology,hospital,hospital,"Édesanyák útja 17, Pécs, 7624",,,,,46.0784867,18.2090646,way,661377229,https://www.openstreetmap.org/way/661377229,,,way/661377229,"{""addr:city"": ""Pécs"", ""addr:housenumber"": ""17"", ""addr:postcode"": ""7624"", ""addr:street"": ""Édesanyák útja"", ""amenity"": ""hospital"", ""check_date"": ""2024-03-22"", ""healthcare"": ""hospital"", ""healthcare:speciality"": ""gynaecology"", ""name"": ""PTE Szülészeti és Nőgyógyászati Klinika""}"
HU,Boldog Gellért Szakkórház,psychiatry,hospital,hospital,,+36 26 525620,,https://boldoggellert.hu/,,47.66513,18.9668662,way,704402299,https://www.openstreetmap.org/way/704402299,Magyar Máltai Szeretetszolgálat Egyesület > Boldog Gellért Közhasznú Nonprofit Kft.,,way/704402299,"{""amenity"": ""hospital"", ""contact:facebook"": ""https://www.facebook.com/profile.php?id=100063595223047"", ""contact:phone"": ""+36 26 525620"", ""contact:website"": ""https://boldoggellert.hu/"", ""healthcare"": ""hospital"", ""healthcare:speciality"": ""psychiatry"", ""name"": ""Boldog Gellért Szakkórház"", ""old_name"": ""Gálfi Béla Szakkórház"", ""operator"": ""Magyar Máltai Szeretetszolgálat Egyesület > Boldog Gellért Közhasznú Nonprofit Kft.""}"
HU,Gyermekfogászat,,doctor,doctors,,,,,,47.4596868,19.1238188,way,890287773,https://www.openstreetmap.org/way/890287773,,,way/890287773,"{""amenity"": ""doctors"", ""building"": ""yes"", ""healthcare"": ""doctor"", ""name"": ""Gyermekfogászat"", ""start_date"": ""1913""}"
HU,Háziorvos Fogorvos Rendelő,,doctor,doctors,"Béke utca 2, Alcsútdoboz, 8087",,,,,47.4268673,18.6023006,way,1024963567,https://www.openstreetmap.org/way/1024963567,,,way/1024963567,"{""addr:city"": ""Alcsútdoboz"", ""addr:housenumber"": ""2"", ""addr:postcode"": ""8087"", ""addr:street"": ""Béke utca"", ""amenity"": ""doctors"", ""building"": ""yes"", ""healthcare"": ""doctor"", ""name"": ""Háziorvos Fogorvos Rendelő""}"
HU,"Szülészet, nőgyógyászat",gynaecology,birthing_centre,,,+36 74 501 675,,,,46.3449188,18.7016783,way,1363635524,https://www.openstreetmap.org/way/1363635524,,,way/1363635524,"{""building"": ""hospital"", ""building:levels"": ""3"", ""healthcare"": ""birthing_centre"", ""healthcare:speciality"": ""gynaecology"", ""name"": ""Szülészet, nőgyógyászat"", ""name:de"": ""Entbindungsstation"", ""phone"": ""+36 74 501 675"", ""short_name"": ""SZ épület""}"
