country,name,speciality,healthcare,amenity,address,phone,email,website,opening_hours,lat,lon,osm_type,osm_id,osm_url,operator,brand,osm_key,tags_json
CZ,MUDr. Henrieta Mavrogeni,general,doctor,doctors,,+420315694436,,https://www.henrietamavrogeni.cz/,Th 07:00-10:00,50.2771738,14.5016864,node,135843446,https://www.openstreetmap.org/node/135843446,,,node/135843446,"{""amenity"": ""doctors"", ""healthcare"": ""doctor"", ""healthcare:speciality"": ""general"", ""name"": ""MUDr. Henrieta Mavrogeni"", ""opening_hours"": ""Th 07:00-10:00"", ""phone"": ""+420315694436"", ""website"": ""https://www.henrietamavrogeni.cz/"", ""wheelchair"": ""yes""}"
CZ,Soukromá klinika LOGO s.r.o.,,clinic,clinic,"Vsetínská 527/20, 63900",,,,Mo-Th 07:00-18:00; Fr 07:00-17:00; Sa 08:00-13:00,49.1772751,16.598066,node,296496147,https://www.openstreetmap.org/node/296496147,,,node/296496147,"{""addr:conscriptionnumber"": ""527"", ""addr:housenumber"": ""527/20"", ""addr:postcode"": ""63900"", ""addr:street"": ""Vsetínská"", ""addr:streetnumber"": ""20"", ""amenity"": ""clinic"", ""emergency"": ""no"", ""healthcare"": ""clinic"", ""name"": ""Soukromá klinika LOGO s.r.o."", ""opening_hours"": ""Mo-Th 07:00-18:00; Fr 07:00-17:00; Sa 08:00-13:00"", ""source:addr"": ""cuzk:ruian""}"
CZ,Urologie,,doctor,doctors,,,,,,49.5839315,17.2371793,node,698325622,https://www.openstreetmap.org/node/698325622,,,node/698325622,"{""amenity"": ""doctors"", ""check_date"": ""2025-03-03"", ""healthcare"": ""doctor"", ""name"": ""Urologie""}"
CZ,Neurolog MUDr. Céé,neurology,doctor,doctors,,,,,,50.5363771,14.1344379,node,1132430517,https://www.openstreetmap.org/node/1132430517,,,node/1132430517,"{""amenity"": ""doctors"", ""healthcare"": ""doctor"", ""healthcare:speciality"": ""neurology"", ""name"": ""Neurolog MUDr. Céé""}"
CZ,Urologická ambulance,urology,doctor,doctors,,,,,"Mo 07:00-12:30,13:00-15:00; We 07:00-12:30,13:30-17:00; Th 07:00-12:30,13:00-15:00; Fr 07:00-13:00",50.0995596,14.4020491,node,1529352808,https://www.openstreetmap.org/node/1529352808,,,node/1529352808,"{""amenity"": ""doctors"", ""healthcare"": ""doctor"", ""healthcare:speciality"": ""urology"", ""name"": ""Urologická ambulance"", ""opening_hours"": ""Mo 07:00-12:30,13:00-15:00; We 07:00-12:30,13:30-17:00; Th 07:00-12:30,13:00-15:00; Fr 07:00-13:00""}"
CZ,Zdravotní středisko,general;paediatrics;dentist;gynaecology,doctor,clinic,,,,https://www.sevetin.cz/zdravotni-pece.html,,49.1007608,14.5666479,node,2036337867,https://www.openstreetmap.org/node/2036337867,,,node/2036337867,"{""amenity"": ""clinic"", ""check_date"": ""2025-04-18"", ""healthcare"": ""doctor"", ""healthcare:speciality"": ""general;paediatrics;dentist;gynaecology"", ""name"": ""Zdravotní středisko"", ""website"": ""https://www.sevetin.cz/zdravotni-pece.html""}"
CZ,Nemocnice Mělník - Gynekologicko - Porodnické oddělení,gynaecology,hospital,doctors,,,,,,50.3472309,14.4855585,node,2066621634,https://www.openstreetmap.org/node/2066621634,,,node/2066621634,"{""amenity"": ""doctors"", ""healthcare"": ""hospital"", ""healthcare:speciality"": ""gynaecology"", ""name"": ""Nemocnice Mělník - Gynekologicko - Porodnické oddělení""}"
CZ,Nemocnice Mělník - Neurologie,urology,hospital,doctors,,,,,,50.3466783,14.4858829,node,2066621635,https://www.openstreetmap.org/node/2066621635,,,node/2066621635,"{""amenity"": ""doctors"", ""healthcare"": ""hospital"", ""healthcare:speciality"": ""urology"", ""name"": ""Nemocnice Mělník - Neurologie""}"
CZ,Nemocnice Mělník - Patologie,pathology,hospital,doctors,,,,,,50.3480167,14.4857827,node,2066621637,https://www.openstreetmap.org/node/2066621637,,,node/2066621637,"{""amenity"": ""doctors"", ""healthcare"": ""hospital"", ""healthcare:speciality"": ""pathology"", ""name"": ""Nemocnice Mělník - Patologie""}"
CZ,Porodnice Přerov,gynaecology,hospital,doctors,,,,,,49.4570494,17.4716411,node,2268588463,https://www.openstreetmap.org/node/2268588463,,,node/2268588463,"{""amenity"": ""doctors"", ""emergency"": ""yes"", ""healthcare"": ""hospital"", ""healthcare:speciality"": ""gynaecology"", ""name"": ""Porodnice Přerov"", ""source"": ""Knowladge""}"
CZ,Neurologie Štefek,neurology,doctor,doctors,59501,,,,,49.2891906,16.2283244,node,2298767352,https://www.openstreetmap.org/node/2298767352,,,node/2298767352,"{""addr:postcode"": ""59501"", ""amenity"": ""doctors"", ""check_date"": ""2025-08-19"", ""healthcare"": ""doctor"", ""healthcare:speciality"": ""neurology"", ""name"": ""Neurologie Štefek""}"
CZ,,gynaecology,doctor,doctors,"K Bazénu 231, Větřní, 38211",+420 380 732 270,,,,48.779671,14.2958502,node,2395347037,https://www.openstreetmap.org/node/2395347037,Řípová Věra MUDr.,,node/2395347037,"{""addr:city"": ""Větřní"", ""addr:housenumber"": ""231"", ""addr:postcode"": ""38211"", ""addr:street"": ""K Bazénu"", ""amenity"": ""doctors"", ""healthcare"": ""doctor"", ""healthcare:speciality"": ""gynaecology"", ""operator"": ""Řípová Věra MUDr."", ""phone"": ""+420 380 732 270""}"
CZ,Dětský a dorostový lékař - Verdán Miroslav - Alergologie,,doctor,doctors,,,,,,49.1514841,15.0020923,node,2422178676,https://www.openstreetmap.org/node/2422178676,,,node/2422178676,"{""amenity"": ""doctors"", ""healthcare"": ""doctor"", ""name"": ""Dětský a dorostový lékař - Verdán Miroslav - Alergologie""}"
CZ,"Všeobecný praktický lékař, stomatologie, gynekologie",,doctor,doctors,,,,,,50.0910153,14.4833563,node,2449656162,https://www.openstreetmap.org/node/2449656162,,,node/2449656162,"{""amenity"": ""doctors"", ""emergency"": ""no"", ""healthcare"": ""doctor"", ""name"": ""Všeobecný praktický lékař, stomatologie, gynekologie""}"
CZ,Gynem,,clinic,clinic,"Ledčická 1142/1, 18400",+420 225 391 710,,https://www.gynem.cz/,,50.1364585,14.4527317,node,2500345757,https://www.openstreetmap.org/node/2500345757,,,node/2500345757,"{""addr:conscriptionnumber"": ""1142"", ""addr:housenumber"": ""1142/1"", ""addr:place"": ""Dolní Chabry"", ""addr:postcode"": ""18400"", ""addr:street"": ""Ledčická"", ""addr:streetnumber"": ""1"", ""amenity"": ""clinic"", ""emergency"": ""no"", ""healthcare"": ""clinic"", ""name"": ""Gynem"", ""note"": ""fertility clinic"", ""phone"": ""+420 225 391 710"", ""website"": ""https://www.gynem.cz/""}"
CZ,"Rehabilitace, neurologie",,doctor,doctors,,,,,,50.0611098,14.4450218,node,2532709019,https://www.openstreetmap.org/node/2532709019,,,node/2532709019,"{""amenity"": ""doctors"", ""healthcare"": ""doctor"", ""name"": ""Rehabilitace, neurologie""}"
CZ,Ústav klinické biochemie a hematologie,,clinic,clinic,,,,,,49.7325941,13.3759066,node,2655837300,https://www.openstreetmap.org/node/2655837300,,,node/2655837300,"{""amenity"": ""clinic"", ""healthcare"": ""clinic"", ""name"": ""Ústav klinické biochemie a hematologie""}"
CZ,Gynekologie,gynaecology,doctor,doctors,,,,,,49.1761959,16.5529602,node,2667250263,https://www.openstreetmap.org/node/2667250263,,,node/2667250263,"{""amenity"": ""doctors"", ""healthcare"": ""doctor"", ""healthcare:speciality"": ""gynaecology"", ""level"": ""2"", ""name"": ""Gynekologie""}"
CZ,Neurologie,,doctor,doctors,"Budínova 67/2, Praha, 180 81",,,https://www.bulovka.cz/,24/7,50.1153553,14.4617818,node,2739192305,https://www.openstreetmap.org/node/2739192305,,,node/2739192305,"{""addr:city"": ""Praha"", ""addr:housenumber"": ""67/2"", ""addr:postcode"": ""180 81"", ""addr:street"": ""Budínova"", ""amenity"": ""doctors"", ""healthcare"": ""doctor"", ""name"": ""Neurologie"", ""opening_hours"": ""24/7"", ""website"": ""https://www.bulovka.cz/""}"
CZ,zdravotní středisko,general;dentist;podiatry;gynaecology,doctor,doctors,"Masarykovo náměstí 64/4, 66464",,,,,49.0699607,16.4650391,node,2806468963,https://www.openstreetmap.org/node/2806468963,,,node/2806468963,"{""addr:conscriptionnumber"": ""64"", ""addr:housenumber"": ""64/4"", ""addr:place"": ""Dolní Kounice"", ""addr:postcode"": ""66464"", ""addr:street"": ""Masarykovo náměstí"", ""addr:streetnumber"": ""4"", ""amenity"": ""doctors"", ""healthcare"": ""doctor"", ""healthcare:speciality"": ""general;dentist;podiatry;gynaecology"", ""name"": ""zdravotní středisko"", ""ref:ruian:addr"": ""24939005""}"
CZ,Alergologie,allergology,doctor,doctors,"U Nemocnice 1504, 46401",+420 488 880 115,,,,50.9256802,15.086452,node,2835755852,https://www.openstreetmap.org/node/2835755852,MUDr. Dagmar Holcová,,node/2835755852,"{""addr:conscriptionnumber"": ""1504"", ""addr:housenumber"": ""1504"", ""addr:place"": ""Frýdlant"", ""addr:postcode"": ""46401"", ""addr:street"": ""U Nemocnice"", ""amenity"": ""doctors"", ""healthcare"": ""doctor"", ""healthcare:speciality"": ""allergology"", ""name"": ""Alergologie"", ""operator"": ""MUDr. Dagmar Holcová"", ""phone"": ""+420 488 880 115"", ""ref:ruian:addr"": ""42734771""}"
CZ,"Gynekologie Hloubětín, s.r.o.",gynaecology,clinic,doctors,,+420 281 866 067,karhan@gynekolog.cz,https://www.gynekolog.cz/karhan/,"Mo 10:00-18:00; Tu,Th 07:00-18:00; We,Fr 07:00-12:00",50.1069602,14.5373211,node,2998410923,https://www.openstreetmap.org/node/2998410923,,,node/2998410923,"{""amenity"": ""doctors"", ""contact:phone"": ""+420 734 421 983"", ""email"": ""karhan@gynekolog.cz"", ""healthcare"": ""clinic"", ""healthcare:speciality"": ""gynaecology"", ""name"": ""Gynekologie Hloubětín, s.r.o."", ""opening_hours"": ""Mo 10:00-18:00; Tu,Th 07:00-18:00; We,Fr 07:00-12:00"", ""phone"": ""+420 281 866 067"", ""website"": ""https://www.gynekolog.cz/karhan/""}"
CZ,Porodnicko-gynekologická klinika,,clinic,clinic,,,,,,49.5833554,17.2367697,node,3099132980,https://www.openstreetmap.org/node/3099132980,,,node/3099132980,"{""amenity"": ""clinic"", ""check_date"": ""2025-03-02"", ""healthcare"": ""clinic"", ""name"": ""Porodnicko-gynekologická klinika"", ""short_name"": ""Porodnice""}"
CZ,Urologie Paclík,urology,doctor,doctors,"Lidická 13, Brno, 60200",,,,,49.2012922,16.6071342,node,3188485953,https://www.openstreetmap.org/node/3188485953,,,node/3188485953,"{""addr:city"": ""Brno"", ""addr:housenumber"": ""13"", ""addr:postcode"": ""60200"", ""addr:street"": ""Lidická"", ""amenity"": ""doctors"", ""healthcare"": ""doctor"", ""healthcare:speciality"": ""urology"", ""name"": ""Urologie Paclík""}"
CZ,Plicní (pneumologie) - Medicon,,doctor,doctors,,+420 261 006 456,,,"Mo-Th 07:30-11:30,12:00-15:30; Fr 07:30-12:30",50.0423646,14.4502239,node,3607678947,https://www.openstreetmap.org/node/3607678947,,,node/3607678947,"{""amenity"": ""doctors"", ""check_date:opening_hours"": ""2025-08-05"", ""healthcare"": ""doctor"", ""name"": ""Plicní (pneumologie) - Medicon"", ""opening_hours"": ""Mo-Th 07:30-11:30,12:00-15:30; Fr 07:30-12:30"", ""phone"": ""+420 261 006 456""}"
CZ,Endokrinologie a Diabetologie,,doctor,doctors,,,,http://endokrinologie-diabetologie.cz,Mo 14:00-18:00; Tu 08:00-17:00; We 09:00-16:00; Th 14:00-18:00; Fr 08:00-14:00,50.0328022,14.5993385,node,3631510659,https://www.openstreetmap.org/node/3631510659,,,node/3631510659,"{""amenity"": ""doctors"", ""healthcare"": ""doctor"", ""name"": ""Endokrinologie a Diabetologie"", ""opening_hours"": ""Mo 14:00-18:00; Tu 08:00-17:00; We 09:00-16:00; Th 14:00-18:00; Fr 08:00-14:00"", ""website"": ""http://endokrinologie-diabetologie.cz""}"
CZ,Gynekologická ambulance,gynaecology,doctor,doctors,"Krátká 12, Vimperk, 385 01",+420 388 414625,,,,49.0552124,13.7802377,node,3979544450,https://www.openstreetmap.org/node/3979544450,MUDr. Weingart Milan,,node/3979544450,"{""addr:city"": ""Vimperk"", ""addr:housenumber"": ""12"", ""addr:postcode"": ""385 01"", ""addr:street"": ""Krátká"", ""amenity"": ""doctors"", ""healthcare"": ""doctor"", ""healthcare:speciality"": ""gynaecology"", ""name"": ""Gynekologická ambulance"", ""operator"": ""MUDr. Weingart Milan"", ""phone"": ""+420 388 414625""}"
CZ,Gyn-Line,gynaecology,doctor,doctors,,,,,,49.2002683,16.6086055,node,4233556141,https://www.openstreetmap.org/node/4233556141,,,node/4233556141,"{""amenity"": ""doctors"", ""healthcare"": ""doctor"", ""healthcare:speciality"": ""gynaecology"", ""name"": ""Gyn-Line""}"
CZ,Gynekologie,gynaecology,doctor,doctors,,,,,,49.1786347,16.6853517,node,4246013589,https://www.openstreetmap.org/node/4246013589,,,node/4246013589,"{""amenity"": ""doctors"", ""healthcare"": ""doctor"", ""healthcare:speciality"": ""gynaecology"", ""name"": ""Gynekologie""}"
CZ,Gynekologické centrum ŠÁRKA s.r.o.,gynaecology,doctor,doctors,"Vranovská 19, Brno, 61400",,,https://www.gynekologiesarka.cz/,,49.2052796,16.6258615,node,4380299581,https://www.openstreetmap.org/node/4380299581,,,node/4380299581,"{""addr:city"": ""Brno"", ""addr:housenumber"": ""19"", ""addr:postcode"": ""61400"", ""addr:street"": ""Vranovská"", ""amenity"": ""doctors"", ""healthcare"": ""doctor"", ""healthcare:speciality"": ""gynaecology"", ""level"": ""2"", ""name"": ""Gynekologické centrum ŠÁRKA s.r.o."", ""website"": ""https://www.gynekologiesarka.cz/""}"
CZ,"Ladislav Fildan, Ordinace biologické celostní medicíny",,doctor,doctors,"Tyršova 2228/56, 61200",+420 541 217 726;+420 777 011 778,,https://fildan.cz/,"Mo-Th 07:30-12:00,13:30-16:00",49.2230178,16.585883,node,4516723190,https://www.openstreetmap.org/node/4516723190,,,node/4516723190,"{""addr:housenumber"": ""2228/56"", ""addr:postcode"": ""61200"", ""addr:street"": ""Tyršova"", ""amenity"": ""doctors"", ""check_date:opening_hours"": ""2025-08-10"", ""healthcare"": ""doctor"", ""name"": ""Ladislav Fildan, Ordinace biologické celostní medicíny"", ""name:cs"": ""Ordinace biologické celostní medicíny"", ""opening_hours"": ""Mo-Th 07:30-12:00,13:30-16:00"", ""phone"": ""+420 541 217 726;+420 777 011 778"", ""website"": ""https://fildan.cz/"", ""wheelchair"": ""no""}"
CZ,Zdravotní středisko,dentist;gynaecology,doctor,doctors,,,,,,49.5100599,12.797472,node,4578953376,https://www.openstreetmap.org/node/4578953376,,,node/4578953376,"{""amenity"": ""doctors"", ""description"": ""obvodní, zubní lékař a gynekologická ordinace"", ""healthcare"": ""doctor"", ""healthcare:speciality"": ""dentist;gynaecology"", ""name"": ""Zdravotní středisko""}"
CZ,Gynem,gynaecology,clinic,clinic,Na Ořechovce 576/7,+420224311750,,https://www.gynem.cz/,,50.0948558,14.3876148,node,4597798390,https://www.openstreetmap.org/node/4597798390,,,node/4597798390,"{""addr:conscriptionnumber"": ""576"", ""addr:housenumber"": ""576/7"", ""addr:street"": ""Na Ořechovce"", ""addr:streetnumber"": ""7"", ""amenity"": ""clinic"", ""healthcare"": ""clinic"", ""healthcare:speciality"": ""gynaecology"", ""name"": ""Gynem"", ""phone"": ""+420224311750"", ""website"": ""https://www.gynem.cz/""}"
CZ,Nemocnice Frýdlant - gynekologie,gynaecology,hospital,doctors,46401,,,http://www.nemfry.cz,,50.9260298,15.0880617,node,4615870393,https://www.openstreetmap.org/node/4615870393,,,node/4615870393,"{""addr:postcode"": ""46401"", ""amenity"": ""doctors"", ""healthcare"": ""hospital"", ""healthcare:speciality"": ""gynaecology"", ""name"": ""Nemocnice Frýdlant - gynekologie"", ""website"": ""http://www.nemfry.cz""}"
CZ,Privátní urologická praxe Královské Vinohrady,,clinic,clinic,Budečská 1168/40,+420 222 250 153,privatni.urologie@seznam.cz,https://privatniurologie.cz/,Mo-Fr 08:00-19:00,50.0775847,14.44217,node,4730432822,https://www.openstreetmap.org/node/4730432822,,,node/4730432822,"{""addr:housenumber"": ""1168/40"", ""addr:street"": ""Budečská"", ""amenity"": ""clinic"", ""email"": ""privatni.urologie@seznam.cz"", ""healthcare"": ""clinic"", ""name"": ""Privátní urologická praxe Královské Vinohrady"", ""name:cs"": ""Privátní urologická praxe Královské Vinohrady"", ""name:en"": ""Praxe urologic clinic"", ""opening_hours"": ""Mo-Fr 08:00-19:00"", ""phone"": ""+420 222 250 153"", ""website"": ""https://privatniurologie.cz/""}"
CZ,Diagnostické centrum,general;otorhinolaryngology;diabetology;gynaecology;trauma;dermatology;speech_therapist;neurology;ophthalmology;orthopaedics;plastic_surgery;physiotherapy;urology;dentist,clinic,clinic,"Sokolská třída 1925/49, Ostrava, 70200",+420 597 349 111,,,Mo-Fr 06:30-17:00,49.8426279,18.288862,node,4811388591,https://www.openstreetmap.org/node/4811388591,Družstvo lékařů diagnostického centra,,node/4811388591,"{""addr:city"": ""Ostrava"", ""addr:housenumber"": ""1925/49"", ""addr:postcode"": ""70200"", ""addr:street"": ""Sokolská třída"", ""amenity"": ""clinic"", ""healthcare"": ""clinic"", ""healthcare:speciality"": ""general;otorhinolaryngology;diabetology;gynaecology;trauma;dermatology;speech_therapist;neurology;ophthalmology;orthopaedics;plastic_surgery;physiotherapy;urology;dentist"", ""name"": ""Diagnostické centrum"", ""opening_hours"": ""Mo-Fr 06:30-17:00"", ""operator"": ""Družstvo lékařů diagnostického centra"", ""operator:type"": ""private"", ""phone"": ""+420 597 349 111"", ""start_date"": ""1994""}"
CZ,Endokrinologové s.r.o.,,doctor,doctors,,+420777952885,,https://endokrinologove.cz/,Mo-Fr 13:00-19:00,50.0688636,14.5042697,node,4863809606,https://www.openstreetmap.org/node/4863809606,,,node/4863809606,"{""amenity"": ""doctors"", ""healthcare"": ""doctor"", ""name"": ""Endokrinologové s.r.o."", ""opening_hours"": ""Mo-Fr 13:00-19:00"", ""phone"": ""+420777952885"", ""website"": ""https://endokrinologove.cz/""}"
CZ,Dermatologická ambulance,,clinic,clinic,,,,,,49.7304332,13.3771151,node,4983369599,https://www.openstreetmap.org/node/4983369599,,,node/4983369599,"{""amenity"": ""clinic"", ""healthcare"": ""clinic"", ""level"": ""0"", ""name"": ""Dermatologická ambulance"", ""source"": ""survey""}"
CZ,BABA CARE,gynaecology,doctor,doctors,,+420274818348,,https://www.babacare.cz/,Mo 08:00-16:00; Tu 14:00-20:00; We 07:00-14:00; Th 08:00-13:00; Fr 08:00-12:00,50.1174308,14.4939306,node,5056631304,https://www.openstreetmap.org/node/5056631304,,,node/5056631304,"{""amenity"": ""doctors"", ""check_date:opening_hours"": ""2024-11-23"", ""healthcare"": ""doctor"", ""healthcare:speciality"": ""gynaecology"", ""name"": ""BABA CARE"", ""opening_hours"": ""Mo 08:00-16:00; Tu 14:00-20:00; We 07:00-14:00; Th 08:00-13:00; Fr 08:00-12:00"", ""phone"": ""+420274818348"", ""website"": ""https://www.babacare.cz/""}"
CZ,Interní a endokrinologická ambulance s.r.o.,endocrinology,doctor,doctors,"Maroldova 1967, Kladno, 27201",+420 312 241 942,ordinace@intendo.cz,https://intendo.cz/,"Mo-Th 07:30-16:00, Fri 7:30-15:00",50.1437788,14.092243,node,5306969908,https://www.openstreetmap.org/node/5306969908,,,node/5306969908,"{""addr:city"": ""Kladno"", ""addr:housenumber"": ""1967"", ""addr:postcode"": ""27201"", ""addr:street"": ""Maroldova"", ""amenity"": ""doctors"", ""email"": ""ordinace@intendo.cz"", ""healthcare"": ""doctor"", ""healthcare:speciality"": ""endocrinology"", ""name"": ""Interní a endokrinologická ambulance s.r.o."", ""opening_hours"": ""Mo-Th 07:30-16:00, Fri 7:30-15:00"", ""phone"": ""+420 312 241 942"", ""source"": ""local knowledge"", ""website"": ""https://intendo.cz/"", ""wheelchair"": ""no""}"
CZ,MUDr. Henrieta Mavrogeni,,doctor,doctors,,,,,,50.2267938,14.4729839,node,5377501396,https://www.openstreetmap.org/node/5377501396,,,node/5377501396,"{""amenity"": ""doctors"", ""healthcare"": ""doctor"", ""name"": ""MUDr. Henrieta Mavrogeni"", ""wheelchair"": ""no""}"
CZ,Radiologický pavilon,,clinic,clinic,,,,,,50.3591086,12.935253,node,5482595492,https://www.openstreetmap.org/node/5482595492,Léčebné lázně Jáchymov,,node/5482595492,"{""amenity"": ""clinic"", ""healthcare"": ""clinic"", ""name"": ""Radiologický pavilon"", ""operator"": ""Léčebné lázně Jáchymov""}"
CZ,Porodnice Lochotín,gynaecology,centre,hospital,,,,,,49.7624283,13.3774538,node,5578103091,https://www.openstreetmap.org/node/5578103091,,,node/5578103091,"{""amenity"": ""hospital"", ""healthcare"": ""centre"", ""healthcare:speciality"": ""gynaecology"", ""name"": ""Porodnice Lochotín""}"
CZ,,general;gynaecology;paediatrics,doctor,doctors,,,,,,49.4145885,18.1092825,node,5710634383,https://www.openstreetmap.org/node/5710634383,,,node/5710634383,"{""amenity"": ""doctors"", ""healthcare"": ""doctor"", ""healthcare:speciality"": ""general;gynaecology;paediatrics""}"
CZ,Dětská neurologie Richterová,,doctor,doctors,,+420 605484684,,https://mudr-ivana-richterova-detska-neurologie.webnode.cz/,"Mo, Tu 07:00-15:00; We 07:00-10:00; Th 07:00-16:00; Fr 07:00-09:00",50.0956018,14.351299,node,6063638200,https://www.openstreetmap.org/node/6063638200,,,node/6063638200,"{""amenity"": ""doctors"", ""health_facility:type"": ""office"", ""healthcare"": ""doctor"", ""name"": ""Dětská neurologie Richterová"", ""opening_hours"": ""Mo, Tu 07:00-15:00; We 07:00-10:00; Th 07:00-16:00; Fr 07:00-09:00"", ""phone"": ""+420 605484684"", ""website"": ""https://mudr-ivana-richterova-detska-neurologie.webnode.cz/""}"
CZ,Dermatologie MUDr. Nechvátalová,dermatology,doctor,doctors,Masarykova 427/31,+420 602 452 461,,https://www.dermatologie-brno.cz/,,49.1919939,16.6107649,node,6226650542,https://www.openstreetmap.org/node/6226650542,,,node/6226650542,"{""addr:housenumber"": ""427/31"", ""addr:street"": ""Masarykova"", ""amenity"": ""doctors"", ""healthcare"": ""doctor"", ""healthcare:speciality"": ""dermatology"", ""name"": ""Dermatologie MUDr. Nechvátalová"", ""phone"": ""+420 602 452 461"", ""website"": ""https://www.dermatologie-brno.cz/""}"
CZ,Hematologicko-transfúzní oddělení,,clinic,clinic,,,,,,49.9417612,15.8063689,node,6316529423,https://www.openstreetmap.org/node/6316529423,,,node/6316529423,"{""amenity"": ""clinic"", ""check_date"": ""2024-07-26"", ""healthcare"": ""clinic"", ""name"": ""Hematologicko-transfúzní oddělení""}"
CZ,"Oddělení mikrobiologie, patologie - laboratoř",microbiology;pathology,clinic,clinic,,,,,,49.9417874,15.806712,node,6316529424,https://www.openstreetmap.org/node/6316529424,,,node/6316529424,"{""amenity"": ""clinic"", ""healthcare"": ""clinic"", ""healthcare:speciality"": ""microbiology;pathology"", ""name"": ""Oddělení mikrobiologie, patologie - laboratoř""}"
CZ,"Dialýza, nefrologie, onkologie - ambulance, ortopedie - ambulance",,clinic,clinic,,,,,,49.942476,15.8076567,node,6316529427,https://www.openstreetmap.org/node/6316529427,,,node/6316529427,"{""amenity"": ""clinic"", ""healthcare"": ""clinic"", ""name"": ""Dialýza, nefrologie, onkologie - ambulance, ortopedie - ambulance""}"
CZ,MUDr. Josef Čepelík,gynaecology,,doctors,,,,,,50.5225541,14.9742586,node,6419516277,https://www.openstreetmap.org/node/6419516277,,,node/6419516277,"{""amenity"": ""doctors"", ""healthcare:speciality"": ""gynaecology"", ""name"": ""MUDr. Josef Čepelík""}"
CZ,GYNVIA s.r.o.,,doctor,doctors,,,,,Tu-Th 07:30-13:30; Mo 13:00-18:00,50.1010768,14.4457575,node,6470526285,https://www.openstreetmap.org/node/6470526285,,,node/6470526285,"{""amenity"": ""doctors"", ""healthcare"": ""doctor"", ""name"": ""GYNVIA s.r.o."", ""opening_hours"": ""Tu-Th 07:30-13:30; Mo 13:00-18:00""}"
CZ,MUDr. Jan Bočan,gynaecology,doctor,doctors,"náměstí Svobody 15/17, Vimperk, 385 01",,,https://www.vimperk.cz/firmy-a-organizace/mudr-jan-bocan-zensky-lekar-s-r-o-/1072/,"Mo 06:30-12:00,13:00-16:00; Tu 06:30-12:00; We 13:00-18:00; Th 06:30-12:00,13:00-16:00; Fr 06:30-12:00,13:00-16:00; PH off",49.0521401,13.7728625,node,6485627241,https://www.openstreetmap.org/node/6485627241,,,node/6485627241,"{""addr:city"": ""Vimperk"", ""addr:housenumber"": ""15/17"", ""addr:postcode"": ""385 01"", ""addr:street"": ""náměstí Svobody"", ""amenity"": ""doctors"", ""contact:website"": ""https://www.vimperk.cz/firmy-a-organizace/mudr-jan-bocan-zensky-lekar-s-r-o-/1072/"", ""healthcare"": ""doctor"", ""healthcare:speciality"": ""gynaecology"", ""name"": ""MUDr. Jan Bočan"", ""opening_hours"": ""Mo 06:30-12:00,13:00-16:00; Tu 06:30-12:00; We 13:00-18:00; Th 06:30-12:00,13:00-16:00; Fr 06:30-12:00,13:00-16:00; PH off""}"
CZ,MUDr. Lubomír Hroudný,gynaecology,doctor,doctors,,,,,,49.2034109,16.8775392,node,6720391618,https://www.openstreetmap.org/node/6720391618,,,node/6720391618,"{""amenity"": ""doctors"", ""healthcare"": ""doctor"", ""healthcare:speciality"": ""gynaecology"", ""name"": ""MUDr. Lubomír Hroudný""}"
CZ,Kardiologická ambulance,cardiology,doctor,doctors,,+420 5 49491188,,,"Mo 14:00-20:00; Tu 09:00-12:00,14:00-20:00; We 14:00-18:00; Th 08:00-13:00,14:00-20:00; Fr 11:00-13:00",49.1987785,16.6052776,node,6903907555,https://www.openstreetmap.org/node/6903907555,Univmed s.r.o.,,node/6903907555,"{""amenity"": ""doctors"", ""contact:phone"": ""+420 5 49491188"", ""healthcare"": ""doctor"", ""healthcare:speciality"": ""cardiology"", ""name"": ""Kardiologická ambulance"", ""opening_hours"": ""Mo 14:00-20:00; Tu 09:00-12:00,14:00-20:00; We 14:00-18:00; Th 08:00-13:00,14:00-20:00; Fr 11:00-13:00"", ""operator"": ""Univmed s.r.o.""}"
CZ,ARIGYN s.r.o.,gynaecology,doctor,doctors,"Horní 158, Český Krumlov, 381 01",+420 731 975 290,,,,48.8105481,14.3156972,node,7004187882,https://www.openstreetmap.org/node/7004187882,MUDr. František Kovařík,,node/7004187882,"{""addr:city"": ""Český Krumlov"", ""addr:housenumber"": ""158"", ""addr:postcode"": ""381 01"", ""addr:street"": ""Horní"", ""amenity"": ""doctors"", ""check_date:opening_hours"": ""2024-05-18"", ""healthcare"": ""doctor"", ""healthcare:speciality"": ""gynaecology"", ""name"": ""ARIGYN s.r.o."", ""opening_hours:signed"": ""no"", ""operator"": ""MUDr. František Kovařík"", ""phone"": ""+420 731 975 290""}"
CZ,"Logopedická ambulance Centrum řeči, s.r.o.",,doctor,doctors,"Vyšehrad 168, Český Krumlov, 38101",,,,,48.8176794,14.318137,node,7004966976,https://www.openstreetmap.org/node/7004966976,,,node/7004966976,"{""addr:city"": ""Český Krumlov"", ""addr:housenumber"": ""168"", ""addr:postcode"": ""38101"", ""addr:street"": ""Vyšehrad"", ""amenity"": ""doctors"", ""healthcare"": ""doctor"", ""name"": ""Logopedická ambulance Centrum řeči, s.r.o.""}"
CZ,Gynekologie FEMINA,gynaecology,doctor,doctors,"Urbinská 187, Český Krumlov, 38101",+420 380 711 551,rimanova@gynekolog.cz,,Mo-We 06:45-13:00; Th 06:45-19:30; Fr 16:00-21:30; Sa 08:00-21:30; Su 08:00-14:00,48.8239562,14.3292485,node,7055725329,https://www.openstreetmap.org/node/7055725329,,,node/7055725329,"{""addr:city"": ""Český Krumlov"", ""addr:housenumber"": ""187"", ""addr:postcode"": ""38101"", ""addr:street"": ""Urbinská"", ""amenity"": ""doctors"", ""email"": ""rimanova@gynekolog.cz"", ""healthcare"": ""doctor"", ""healthcare:speciality"": ""gynaecology"", ""name"": ""Gynekologie FEMINA"", ""opening_hours"": ""Mo-We 06:45-13:00; Th 06:45-19:30; Fr 16:00-21:30; Sa 08:00-21:30; Su 08:00-14:00"", ""phone"": ""+420 380 711 551""}"
CZ,gynekolog,gynaecology;birth,doctor,doctors,"Plešivecká 130, Český Krumlov, 381 01",+420 380 728 586,,,,48.8064796,14.3122985,node,7124057816,https://www.openstreetmap.org/node/7124057816,Weber František MUDr.,,node/7124057816,"{""addr:city"": ""Český Krumlov"", ""addr:housenumber"": ""130"", ""addr:postcode"": ""381 01"", ""addr:street"": ""Plešivecká"", ""amenity"": ""doctors"", ""healthcare"": ""doctor"", ""healthcare:speciality"": ""gynaecology;birth"", ""name"": ""gynekolog"", ""operator"": ""Weber František MUDr."", ""phone"": ""+420 380 728 586""}"
CZ,Neurologie Běhounská,neurology,doctor,doctors,,+420 774421313,neurobehounska@seznam.cz,https://www.neurologie-eeg.cz,"Mo,Th 08:00-12:00,13:00-16:00;Tu 08:00-12:00,13:00-17:00;We 09:00-13:00;Fr 08:00-12:00",49.196113,16.6091823,node,7238953755,https://www.openstreetmap.org/node/7238953755,,,node/7238953755,"{""amenity"": ""doctors"", ""contact:email"": ""neurobehounska@seznam.cz"", ""contact:phone"": ""+420 774421313"", ""contact:website"": ""https://www.neurologie-eeg.cz"", ""healthcare"": ""doctor"", ""healthcare:speciality"": ""neurology"", ""level"": ""1"", ""name"": ""Neurologie Běhounská"", ""opening_hours"": ""Mo,Th 08:00-12:00,13:00-16:00;Tu 08:00-12:00,13:00-17:00;We 09:00-13:00;Fr 08:00-12:00""}"
CZ,Centrum Ambulantní gynekologie,,doctor,doctors,"Orlí 488/10, Brno, 60200",,,http://www.centrumdvorak.cz,Mo-Th 06:00-20:00; Fr 06:00-19:00,49.1932205,16.6108642,node,7242933863,https://www.openstreetmap.org/node/7242933863,,,node/7242933863,"{""addr:city"": ""Brno"", ""addr:housenumber"": ""488/10"", ""addr:postcode"": ""60200"", ""addr:street"": ""Orlí"", ""amenity"": ""doctors"", ""check_date:opening_hours"": ""2022-06-30"", ""healthcare"": ""doctor"", ""name"": ""Centrum Ambulantní gynekologie"", ""opening_hours"": ""Mo-Th 06:00-20:00; Fr 06:00-19:00"", ""website"": ""http://www.centrumdvorak.cz"", ""wheelchair"": ""no""}"
CZ,Barbora Hrabálkova,gynaecology,doctor,doctors,,+420541247786,,,"Mo 08:00-13:00; Tu 08:30-13:30,13:30-15:30; We 07:00-15:00; Fr 07:00-13:00",49.2233715,16.5872696,node,7860997597,https://www.openstreetmap.org/node/7860997597,,,node/7860997597,"{""amenity"": ""doctors"", ""healthcare"": ""doctor"", ""healthcare:speciality"": ""gynaecology"", ""name"": ""Barbora Hrabálkova"", ""opening_hours"": ""Mo 08:00-13:00; Tu 08:30-13:30,13:30-15:30; We 07:00-15:00; Fr 07:00-13:00"", ""phone"": ""+420541247786""}"
CZ,"Chirurgie a radiologie Sušice, s.r.o.",,clinic,clinic,,,,,,49.2298709,13.5195491,node,7868017279,https://www.openstreetmap.org/node/7868017279,,,node/7868017279,"{""amenity"": ""clinic"", ""healthcare"": ""clinic"", ""name"": ""Chirurgie a radiologie Sušice, s.r.o.""}"
CZ,Gynekologická ordinace Kožnar,gynaecology,doctor,doctors,,,,,,49.230561,13.5238682,node,8321878659,https://www.openstreetmap.org/node/8321878659,,,node/8321878659,"{""amenity"": ""doctors"", ""healthcare"": ""doctor"", ""healthcare:speciality"": ""gynaecology"", ""name"": ""Gynekologická ordinace Kožnar""}"
CZ,"Viamedica - chirurgie, gynekologie",,hospital,hospital,,,,,,49.468842,18.1535399,node,8631542689,https://www.openstreetmap.org/node/8631542689,,,node/8631542689,"{""amenity"": ""hospital"", ""healthcare"": ""hospital"", ""name"": ""Viamedica - chirurgie, gynekologie""}"
CZ,GYNfit,gynaecology,doctor,doctors,,,,https://gynfit.cz/cs/,Mo-Fr 08:00-18:00,49.2004678,16.5963937,node,9032945419,https://www.openstreetmap.org/node/9032945419,,,node/9032945419,"{""amenity"": ""doctors"", ""healthcare"": ""doctor"", ""healthcare:speciality"": ""gynaecology"", ""name"": ""GYNfit"", ""opening_hours"": ""Mo-Fr 08:00-18:00"", ""website"": ""https://gynfit.cz/cs/""}"
CZ,Zdravotní středisko Žirovnice,general;paediatrics;gynaecology;dentist;internal,doctor,clinic,,,,,,49.2538823,15.1858027,node,9276304046,https://www.openstreetmap.org/node/9276304046,,,node/9276304046,"{""amenity"": ""clinic"", ""healthcare"": ""doctor"", ""healthcare:speciality"": ""general;paediatrics;gynaecology;dentist;internal"", ""name"": ""Zdravotní středisko Žirovnice""}"
CZ,Šárka Novotná,gynaecology,doctor,doctors,,,,,"Mo 07:00-12:00,12:45-15:30; Tu 14:00-18:00; We 07:00-12:00,12:45-15:00; Fr 07:00-12:00,12:45-14:00",50.1961187,15.8379975,node,9516221607,https://www.openstreetmap.org/node/9516221607,,,node/9516221607,"{""amenity"": ""doctors"", ""healthcare"": ""doctor"", ""healthcare:speciality"": ""gynaecology"", ""level"": ""1"", ""name"": ""Šárka Novotná"", ""opening_hours"": ""Mo 07:00-12:00,12:45-15:30; Tu 14:00-18:00; We 07:00-12:00,12:45-15:00; Fr 07:00-12:00,12:45-14:00""}"
CZ,Fit&Fyzio,gynaecology,physiotherapist,,"Temenická 2766/92, Šumperk, 78701",+420 776 697 508,info@fitafyzio.cz,https://www.fitafyzio.cz,,49.9750343,16.956378,node,9948937722,https://www.openstreetmap.org/node/9948937722,Mgr. Karolína Svobodová,,node/9948937722,"{""addr:city"": ""Šumperk"", ""addr:housenumber"": ""2766/92"", ""addr:postcode"": ""78701"", ""addr:street"": ""Temenická"", ""email"": ""info@fitafyzio.cz"", ""healthcare"": ""physiotherapist"", ""healthcare:speciality"": ""gynaecology"", ""level"": ""1"", ""name"": ""Fit&Fyzio"", ""operator"": ""Mgr. Karolína Svobodová"", ""payment:cash"": ""yes"", ""payment:contactless"": ""yes"", ""phone"": ""+420 776 697 508"", ""website"": ""https://www.fitafyzio.cz""}"
CZ,GYNCARE-Aš,gynaecology,doctor,doctors,,+420 605 712 542,gyncare@centrum.cz,,,50.2221494,12.1894357,node,10066461898,https://www.openstreetmap.org/node/10066461898,MUDr. Abulkasim Mohamed,,node/10066461898,"{""amenity"": ""doctors"", ""email"": ""gyncare@centrum.cz"", ""healthcare"": ""doctor"", ""healthcare:speciality"": ""gynaecology"", ""name"": ""GYNCARE-Aš"", ""operator"": ""MUDr. Abulkasim Mohamed"", ""phone"": ""+420 605 712 542""}"
CZ,Urologie - MUDr. Jan Hiblbauer s.r.o.,,doctor,doctors,,,,,,50.4320818,15.3613658,node,10159056678,https://www.openstreetmap.org/node/10159056678,MUDr. Jan Hiblbauer s.r.o.,,node/10159056678,"{""amenity"": ""doctors"", ""healthcare"": ""doctor"", ""name"": ""Urologie - MUDr. Jan Hiblbauer s.r.o."", ""operator"": ""MUDr. Jan Hiblbauer s.r.o.""}"
CZ,Gynekologie Kralovická 27,gynaecology,doctor,doctors,"Kralovická 1438/27, Plzeň, 32300",+420377532125,,https://www.gynekolog.cz/born,"Mo,Th 07:00-13:00,14:00-18:00; Tu 07:00-12:00,13:00-15:00; We 07:00-13:00; Fr 07:00-12:00",49.7781799,13.3673983,node,10168631302,https://www.openstreetmap.org/node/10168631302,,,node/10168631302,"{""addr:city"": ""Plzeň"", ""addr:housenumber"": ""1438/27"", ""addr:postcode"": ""32300"", ""addr:street"": ""Kralovická"", ""amenity"": ""doctors"", ""check_date:opening_hours"": ""2023-12-06"", ""healthcare"": ""doctor"", ""healthcare:speciality"": ""gynaecology"", ""internet_access"": ""wlan"", ""internet_access:fee"": ""customers"", ""name"": ""Gynekologie Kralovická 27"", ""opening_hours"": ""Mo,Th 07:00-13:00,14:00-18:00; Tu 07:00-12:00,13:00-15:00; We 07:00-13:00; Fr 07:00-12:00"", ""phone"": ""+420377532125"", ""website"": ""https://www.gynekolog.cz/born"", ""wheelchair"": ""no""}"
CZ,Clinic Samer,gynaecology;fertility,doctor,doctors,"Branická 479/21, Praha, 14700",+420 734 421 860;+420 739 700 970,dr.samer@seznam.cz,https://www.clinic-samer.cz,Mo 09:00-16:00; Tu 10:00-17:00; We 09:00-16:00; Th 09:00-16:30; Fr 08:30-12:30,50.0393699,14.411389,node,10302425623,https://www.openstreetmap.org/node/10302425623,,,node/10302425623,"{""addr:city"": ""Praha"", ""addr:housenumber"": ""479/21"", ""addr:postcode"": ""14700"", ""addr:street"": ""Branická"", ""amenity"": ""doctors"", ""email"": ""dr.samer@seznam.cz"", ""healthcare"": ""doctor"", ""healthcare:speciality"": ""gynaecology;fertility"", ""name"": ""Clinic Samer"", ""opening_hours"": ""Mo 09:00-16:00; Tu 10:00-17:00; We 09:00-16:00; Th 09:00-16:30; Fr 08:30-12:30"", ""phone"": ""+420 734 421 860;+420 739 700 970"", ""website"": ""https://www.clinic-samer.cz""}"
CZ,Gynekologie GynKrup,gynaecology,doctor,doctors,,,,https://www.gynkrup.cz,,50.0589018,14.4968981,node,10939867822,https://www.openstreetmap.org/node/10939867822,,,node/10939867822,"{""amenity"": ""doctors"", ""healthcare"": ""doctor"", ""healthcare:speciality"": ""gynaecology"", ""level"": ""0"", ""name"": ""Gynekologie GynKrup"", ""website"": ""https://www.gynkrup.cz""}"
CZ,Urologie Vršovice,urology,doctor,doctors,Kubánské náměstí 1327/15,+420 605 987 650,,https://www.urologievrsovice.cz,"Mo-We 07:00-12:00,13:00-18:00; Th-Fr 07:00-12:00; Sa-Su off",50.0707413,14.479522,node,11047020385,https://www.openstreetmap.org/node/11047020385,,,node/11047020385,"{""addr:housenumber"": ""1327/15"", ""addr:street"": ""Kubánské náměstí"", ""amenity"": ""doctors"", ""check_date"": ""2023-07-14"", ""healthcare"": ""doctor"", ""healthcare:speciality"": ""urology"", ""level"": ""0"", ""name"": ""Urologie Vršovice"", ""opening_hours"": ""Mo-We 07:00-12:00,13:00-18:00; Th-Fr 07:00-12:00; Sa-Su off"", ""payment:credit_cards"": ""yes"", ""payment:debit_cards"": ""yes"", ""phone"": ""+420 605 987 650"", ""source"": ""survey"", ""website"": ""https://www.urologievrsovice.cz""}"
CZ,Gynekologie,gynaecology,doctor,doctors,Ruská 778/100,+420 272 739 620,,,"Mo,We-Th 07:00-13:00; Tu 07:00-11:00,13:00-18:00; Fr 07:00-11:00",50.0730274,14.4666569,node,11076873490,https://www.openstreetmap.org/node/11076873490,MUDr. Eva Zaoralová,,node/11076873490,"{""addr:housenumber"": ""778/100"", ""addr:street"": ""Ruská"", ""amenity"": ""doctors"", ""check_date"": ""2023-07-30"", ""healthcare"": ""doctor"", ""healthcare:speciality"": ""gynaecology"", ""name"": ""Gynekologie"", ""opening_hours"": ""Mo,We-Th 07:00-13:00; Tu 07:00-11:00,13:00-18:00; Fr 07:00-11:00"", ""operator"": ""MUDr. Eva Zaoralová"", ""phone"": ""+420 272 739 620"", ""source"": ""survey""}"
CZ,MUDr. Bláhová Alena,gynaecology,doctor,doctors,"Ottova 218, Rakovník, 26901",+420 313 513 891,,,"Mo-We 07:30-12:00,13:00-15:00; Th 13:00-15:00; Fr 07:30-12:30; Sa-Su off",50.1013435,13.7256523,node,11190604994,https://www.openstreetmap.org/node/11190604994,,,node/11190604994,"{""addr:city"": ""Rakovník"", ""addr:housenumber"": ""218"", ""addr:postcode"": ""26901"", ""addr:street"": ""Ottova"", ""amenity"": ""doctors"", ""check_date"": ""2024-07-20"", ""healthcare"": ""doctor"", ""healthcare:speciality"": ""gynaecology"", ""name"": ""MUDr. Bláhová Alena"", ""opening_hours"": ""Mo-We 07:30-12:00,13:00-15:00; Th 13:00-15:00; Fr 07:30-12:30; Sa-Su off"", ""phone"": ""+420 313 513 891""}"
CZ,MUDr. Fara McBride,gynaecology,doctor,doctors,,,,,,50.1460095,14.0987023,node,11240959257,https://www.openstreetmap.org/node/11240959257,,,node/11240959257,"{""amenity"": ""doctors"", ""healthcare"": ""doctor"", ""healthcare:speciality"": ""gynaecology"", ""name"": ""MUDr. Fara McBride""}"
CZ,MUDr Kühn Jindřich,gynaecology,doctor,doctors,,,,,,50.146006,14.1018048,node,11241293589,https://www.openstreetmap.org/node/11241293589,,,node/11241293589,"{""amenity"": ""doctors"", ""healthcare"": ""doctor"", ""healthcare:speciality"": ""gynaecology"", ""name"": ""MUDr Kühn Jindřich""}"
CZ,Gyn-pren,gynaecology,doctor,doctors,Jiráskova 2270,+420 558 631 243; +420 605 248 858,email@gyn-pren,https://gyn-pren.cz,,49.6868203,18.3607464,node,11533213617,https://www.openstreetmap.org/node/11533213617,,,node/11533213617,"{""addr:housenumber"": ""2270"", ""addr:street"": ""Jiráskova"", ""amenity"": ""doctors"", ""check_date"": ""2024-01-20"", ""email"": ""email@gyn-pren"", ""healthcare"": ""doctor"", ""healthcare:speciality"": ""gynaecology"", ""name"": ""Gyn-pren"", ""phone"": ""+420 558 631 243; +420 605 248 858"", ""website"": ""https://gyn-pren.cz""}"
CZ,Pedagogicko-psychologická poradna,child_psychiatry,doctor,doctors,,,,,,50.0792794,14.458046,node,11953595427,https://www.openstreetmap.org/node/11953595427,,,node/11953595427,"{""amenity"": ""doctors"", ""check_date:opening_hours"": ""2025-05-19"", ""healthcare"": ""doctor"", ""healthcare:speciality"": ""child_psychiatry"", ""name"": ""Pedagogicko-psychologická poradna"", ""opening_hours:signed"": ""no""}"
CZ,Gynekologická Ambulance,gynaecology,doctor,doctors,"Hrnčířská 1401, Lipník nad Bečvou, 75131",+420 608 772 156;+420 580 582 910,,,"Mo,Tu 07:00-12:00,12:30-15:00; We,Th 13:00-18:00; Fr 07:00-12:00",49.5270087,17.5807073,node,12055465275,https://www.openstreetmap.org/node/12055465275,MUDr. Martina Dvořáková,,node/12055465275,"{""addr:city"": ""Lipník nad Bečvou"", ""addr:housenumber"": ""1401"", ""addr:postcode"": ""75131"", ""addr:street"": ""Hrnčířská"", ""amenity"": ""doctors"", ""description"": ""MUDr. Martina Dvořáková\nSestra: Zuzana Látalová"", ""healthcare"": ""doctor"", ""healthcare:speciality"": ""gynaecology"", ""name"": ""Gynekologická Ambulance"", ""opening_hours"": ""Mo,Tu 07:00-12:00,12:30-15:00; We,Th 13:00-18:00; Fr 07:00-12:00"", ""operator"": ""MUDr. Martina Dvořáková"", ""phone"": ""+420 608 772 156;+420 580 582 910""}"
CZ,Mgr. Šárka Hašková Ordinace Klinické Psychologie,psychiatry,doctor,doctors,"Hrnčířská 1401, Lipník nad Bečvou, 75131",,zdravicko.psychologie@volny.cz,,"Mo,We 08:00-14:00; Tu 09:00-15:00",49.5270091,17.580908,node,12055465277,https://www.openstreetmap.org/node/12055465277,Mgr. Šárka Hašková,,node/12055465277,"{""addr:city"": ""Lipník nad Bečvou"", ""addr:housenumber"": ""1401"", ""addr:postcode"": ""75131"", ""addr:street"": ""Hrnčířská"", ""amenity"": ""doctors"", ""description"": ""Mgr. Šárka Hašková\n\nIt is necessary to make an appointment for the examination.\nK vyšetření je nutné se objednat."", ""email"": ""zdravicko.psychologie@volny.cz"", ""healthcare"": ""doctor"", ""healthcare:speciality"": ""psychiatry"", ""mobile"": ""+420 731 164 630"", ""name"": ""Mgr. Šárka Hašková Ordinace Klinické Psychologie"", ""opening_hours"": ""Mo,We 08:00-14:00; Tu 09:00-15:00"", ""operator"": ""Mgr. Šárka Hašková""}"
CZ,Dětská kardiologická ambulance MUDr. Vlastimil Koditek,,doctor,doctors,Husova 582,+420772727027,,https://koditek.cz,"Mo-We 07:20-12:00, 12:40-14:30; Th 08:00-15:00",49.9738842,16.3918171,node,12099506902,https://www.openstreetmap.org/node/12099506902,,,node/12099506902,"{""addr:housenumber"": ""582"", ""addr:street"": ""Husova"", ""amenity"": ""doctors"", ""healthcare"": ""doctor"", ""name"": ""Dětská kardiologická ambulance MUDr. Vlastimil Koditek"", ""opening_hours"": ""Mo-We 07:20-12:00, 12:40-14:30; Th 08:00-15:00"", ""phone"": ""+420772727027"", ""website"": ""https://koditek.cz""}"
CZ,Acredula Benedicta,gynaecology,doctor,doctors,,,,,,50.0357971,15.769103,node,12146425974,https://www.openstreetmap.org/node/12146425974,,,node/12146425974,"{""amenity"": ""doctors"", ""healthcare"": ""doctor"", ""healthcare:speciality"": ""gynaecology"", ""inscription"": ""Gynekologie a porodnictví"", ""name"": ""Acredula Benedicta""}"
CZ,Alergologická Ambulance,allergology,doctor,doctors,"Jezerská 1541, Lipník nad Bečvou, 75131",+420 725 725 848,,,Mo 07:00-16:30; Th 07:00-14:30,49.5317707,17.5974592,node,12163743358,https://www.openstreetmap.org/node/12163743358,MUDr. Hana Schovánková,,node/12163743358,"{""addr:city"": ""Lipník nad Bečvou"", ""addr:conscriptionnumber"": ""1541"", ""addr:housenumber"": ""1541"", ""addr:place"": ""Lipník nad Bečvou I-Město"", ""addr:postcode"": ""75131"", ""addr:street"": ""Jezerská"", ""amenity"": ""doctors"", ""healthcare"": ""doctor"", ""healthcare:speciality"": ""allergology"", ""name"": ""Alergologická Ambulance"", ""opening_hours"": ""Mo 07:00-16:30; Th 07:00-14:30"", ""operator"": ""MUDr. Hana Schovánková"", ""phone"": ""+420 725 725 848""}"
CZ,Chirurgie-Proktologie s.r.o,surgery,doctor,doctors,,+420544221117,,,"Mo 07:30-12:3; Tu 08:00-14:30; We 08:00-14:00, Th 08:00-16:30, Fr 08:00-12:00",49.1521165,16.8771822,node,12178180131,https://www.openstreetmap.org/node/12178180131,MUDr. Václav Vraspír,,node/12178180131,"{""amenity"": ""doctors"", ""contact:phone"": ""+420544221117"", ""healthcare"": ""doctor"", ""healthcare:speciality"": ""surgery"", ""name"": ""Chirurgie-Proktologie s.r.o"", ""opening_hours"": ""Mo 07:30-12:3; Tu 08:00-14:30; We 08:00-14:00, Th 08:00-16:30, Fr 08:00-12:00"", ""operator"": ""MUDr. Václav Vraspír""}"
CZ,"Ordinace praktického lékaře, podologie a obezitologie",general,doctor,doctors,"Štrossova 964, Pardubice, 53003",,prakticky-lekar-pardubice@seznam.cz,,,50.033596,15.7891177,node,12282507133,https://www.openstreetmap.org/node/12282507133,MUDr. Otto Horák,,node/12282507133,"{""addr:city"": ""Pardubice"", ""addr:housenumber"": ""964"", ""addr:postcode"": ""53003"", ""addr:street"": ""Štrossova"", ""amenity"": ""doctors"", ""email"": ""prakticky-lekar-pardubice@seznam.cz"", ""healthcare"": ""doctor"", ""healthcare:speciality"": ""general"", ""mobile"": ""+420 773 111 771"", ""name"": ""Ordinace praktického lékaře, podologie a obezitologie"", ""operator"": ""MUDr. Otto Horák""}"
CZ,G Centrum,gynaecology,doctor,,,,,,Mo-Th 08:00-20:00; Fr 08:00-14:00,49.5944208,17.2512708,node,12284886129,https://www.openstreetmap.org/node/12284886129,,,node/12284886129,"{""check_date"": ""2025-07-19"", ""healthcare"": ""doctor"", ""healthcare:speciality"": ""gynaecology"", ""name"": ""G Centrum"", ""opening_hours"": ""Mo-Th 08:00-20:00; Fr 08:00-14:00""}"
CZ,Logopoint,,doctor,doctors,,,,,,50.054876,14.4952281,node,12289718422,https://www.openstreetmap.org/node/12289718422,,,node/12289718422,"{""amenity"": ""doctors"", ""healthcare"": ""doctor"", ""name"": ""Logopoint""}"
CZ,Luděk Boudyš,gynaecology,doctor,doctors,,,,,"Mo,Th 07:00-12:30,13:00-15:00; Tu 07:30-12:30,13:00-18:00; We 08:00-12:30,13:00-16:00; Fr 07:30-13:00",50.2002543,15.8483672,node,12302366199,https://www.openstreetmap.org/node/12302366199,,,node/12302366199,"{""amenity"": ""doctors"", ""healthcare"": ""doctor"", ""healthcare:speciality"": ""gynaecology"", ""level"": ""1"", ""name"": ""Luděk Boudyš"", ""opening_hours"": ""Mo,Th 07:00-12:30,13:00-15:00; Tu 07:30-12:30,13:00-18:00; We 08:00-12:30,13:00-16:00; Fr 07:30-13:00""}"
CZ,U Zlatého lva,general;internal;neurology;gynaecology;dermatology,clinic,clinic,,,,,,50.1022564,13.7317441,node,12486139247,https://www.openstreetmap.org/node/12486139247,,,node/12486139247,"{""amenity"": ""clinic"", ""healthcare"": ""clinic"", ""healthcare:speciality"": ""general;internal;neurology;gynaecology;dermatology"", ""name"": ""U Zlatého lva""}"
CZ,"DermaMax dermatologie, lymfologie",dermatology;estetická_medicína,clinic,clinic,"Na Dlouhém lánu 11, Praha 6, 16000",,,,,50.0964504,14.3650424,node,12539452428,https://www.openstreetmap.org/node/12539452428,DermaMax s.r.o.,,node/12539452428,"{""addr:city"": ""Praha 6"", ""addr:housenumber"": ""11"", ""addr:postcode"": ""16000"", ""addr:street"": ""Na Dlouhém lánu"", ""amenity"": ""clinic"", ""healthcare"": ""clinic"", ""healthcare:speciality"": ""dermatology;estetická_medicína"", ""level"": ""1"", ""name"": ""DermaMax dermatologie, lymfologie"", ""operator"": ""DermaMax s.r.o."", ""operator:type"": ""private""}"
CZ,Edumed Kardiologická Ambulance,cardiology,doctor,doctors,,,,,,50.2113159,15.821152,node,12545508167,https://www.openstreetmap.org/node/12545508167,,,node/12545508167,"{""amenity"": ""doctors"", ""healthcare"": ""doctor"", ""healthcare:speciality"": ""cardiology"", ""name"": ""Edumed Kardiologická Ambulance""}"
CZ,MUDr. L. Marešová,gynaecology,doctor,doctors,,,,,,50.2168169,15.8542327,node,12604289496,https://www.openstreetmap.org/node/12604289496,,,node/12604289496,"{""amenity"": ""doctors"", ""healthcare"": ""doctor"", ""healthcare:speciality"": ""gynaecology"", ""level"": ""2"", ""name"": ""MUDr. L. Marešová""}"
CZ,MUDr. I. Rejchrtová,gynaecology,doctor,doctors,,,,,,50.2168081,15.8542858,node,12604289497,https://www.openstreetmap.org/node/12604289497,,,node/12604289497,"{""amenity"": ""doctors"", ""healthcare"": ""doctor"", ""healthcare:speciality"": ""gynaecology"", ""level"": ""0"", ""name"": ""MUDr. I. Rejchrtová""}"
CZ,MUDr. J. Zacharová,gynaecology,doctor,doctors,,,,,,50.2167981,15.8543232,node,12604289498,https://www.openstreetmap.org/node/12604289498,,,node/12604289498,"{""amenity"": ""doctors"", ""healthcare"": ""doctor"", ""healthcare:speciality"": ""gynaecology"", ""level"": ""1"", ""name"": ""MUDr. J. Zacharová""}"
CZ,MUDr. Daniela Šillerová - gynekologie,gynaecology,doctor,doctors,"Lidmily Malé 656, Pardubice, 53012",,gynekologiedubina@centrum.cz,https://www.gynekologie-dubina.cz/,,50.0412062,15.8061362,node,12641420769,https://www.openstreetmap.org/node/12641420769,,,node/12641420769,"{""addr:city"": ""Pardubice"", ""addr:housenumber"": ""656"", ""addr:postcode"": ""53012"", ""addr:street"": ""Lidmily Malé"", ""amenity"": ""doctors"", ""email"": ""gynekologiedubina@centrum.cz"", ""healthcare"": ""doctor"", ""healthcare:speciality"": ""gynaecology"", ""name"": ""MUDr. Daniela Šillerová - gynekologie"", ""website"": ""https://www.gynekologie-dubina.cz/""}"
CZ,Dermaestet,dermatology;plastic_surgery;gynaecology,clinic,clinic,"Křižíkova 68a, Brno, 61200",+420533534580,info@dermaestet.cz,https://www.dermaestet.cz/,,49.2237609,16.607312,node,12666691517,https://www.openstreetmap.org/node/12666691517,,,node/12666691517,"{""addr:city"": ""Brno"", ""addr:housenumber"": ""68a"", ""addr:postcode"": ""61200"", ""addr:street"": ""Křižíkova"", ""amenity"": ""clinic"", ""email"": ""info@dermaestet.cz"", ""healthcare"": ""clinic"", ""healthcare:speciality"": ""dermatology;plastic_surgery;gynaecology"", ""name"": ""Dermaestet"", ""phone"": ""+420533534580"", ""website"": ""https://www.dermaestet.cz/""}"
CZ,Neurologie Chmelová,neurology,doctor,doctors,,,,https://www.neurologiechmelova.cz/,,50.0589049,14.4967595,node,12668736976,https://www.openstreetmap.org/node/12668736976,,,node/12668736976,"{""amenity"": ""doctors"", ""healthcare"": ""doctor"", ""healthcare:speciality"": ""neurology"", ""level"": ""0"", ""name"": ""Neurologie Chmelová"", ""website"": ""https://www.neurologiechmelova.cz/""}"
CZ,NikProGyn s.r.o.,gynaecology,doctor,doctors,"Těrlická 488, Horní Suchá, 73535",,,,,49.7975149,18.4822637,node,12709530705,https://www.openstreetmap.org/node/12709530705,,,node/12709530705,"{""addr:city"": ""Horní Suchá"", ""addr:housenumber"": ""488"", ""addr:postcode"": ""73535"", ""addr:street"": ""Těrlická"", ""amenity"": ""doctors"", ""healthcare"": ""doctor"", ""healthcare:speciality"": ""gynaecology"", ""name"": ""NikProGyn s.r.o.""}"
CZ,Aesthetology,plastic_surgery,doctor,doctors,,+420 606 605 655,info@aesth.cz,https://www.aesthetology.cz/,Mo-Fr 10:00-18:00,50.0901173,14.4197832,node,12741191182,https://www.openstreetmap.org/node/12741191182,,,node/12741191182,"{""amenity"": ""doctors"", ""contact:facebook"": ""https://www.facebook.com/aesthetologyclinic/"", ""contact:instagram"": ""https://www.instagram.com/aesthetology_clinic/"", ""email"": ""info@aesth.cz"", ""healthcare"": ""doctor"", ""healthcare:speciality"": ""plastic_surgery"", ""name"": ""Aesthetology"", ""opening_hours"": ""Mo-Fr 10:00-18:00"", ""phone"": ""+420 606 605 655"", ""website"": ""https://www.aesthetology.cz/""}"
CZ,Patologie,pathology,doctor,doctors,"Kyjevská 44, Pardubice, 53003",,,https://pardubice.nempk.cz/kliniky-a-pracoviste/patologie,,50.0304631,15.7876523,node,12796126392,https://www.openstreetmap.org/node/12796126392,,,node/12796126392,"{""addr:city"": ""Pardubice"", ""addr:housenumber"": ""44"", ""addr:postcode"": ""53003"", ""addr:street"": ""Kyjevská"", ""amenity"": ""doctors"", ""healthcare"": ""doctor"", ""healthcare:speciality"": ""pathology"", ""name"": ""Patologie"", ""website"": ""https://pardubice.nempk.cz/kliniky-a-pracoviste/patologie""}"
CZ,Nutriční a dietologie,,doctor,doctors,"Kyjevská 44, Pardubice, 53003",,,https://pardubice.nempk.cz/kliniky-a-pracoviste/nutricni-a-dietologie,,50.0294703,15.7857641,node,12796126397,https://www.openstreetmap.org/node/12796126397,,,node/12796126397,"{""addr:city"": ""Pardubice"", ""addr:housenumber"": ""44"", ""addr:postcode"": ""53003"", ""addr:street"": ""Kyjevská"", ""amenity"": ""doctors"", ""healthcare"": ""doctor"", ""name"": ""Nutriční a dietologie"", ""website"": ""https://pardubice.nempk.cz/kliniky-a-pracoviste/nutricni-a-dietologie""}"
CZ,Mikrobiologie,,doctor,doctors,"Kyjevská 44, Pardubice, 53003",,,https://pardubice.nempk.cz/kliniky-a-pracoviste/mikrobiologie,,50.0292789,15.786374,node,12796126400,https://www.openstreetmap.org/node/12796126400,,,node/12796126400,"{""addr:city"": ""Pardubice"", ""addr:housenumber"": ""44"", ""addr:postcode"": ""53003"", ""addr:street"": ""Kyjevská"", ""amenity"": ""doctors"", ""healthcare"": ""doctor"", ""name"": ""Mikrobiologie"", ""website"": ""https://pardubice.nempk.cz/kliniky-a-pracoviste/mikrobiologie""}"
CZ,Hematologie,haematology,doctor,doctors,"Kyjevská 44, Pardubice, 53003",,,https://pardubice.nempk.cz/kliniky-a-pracoviste/hematologie,,50.0294515,15.7870405,node,12796152002,https://www.openstreetmap.org/node/12796152002,,,node/12796152002,"{""addr:city"": ""Pardubice"", ""addr:housenumber"": ""44"", ""addr:postcode"": ""53003"", ""addr:street"": ""Kyjevská"", ""amenity"": ""doctors"", ""healthcare"": ""doctor"", ""healthcare:speciality"": ""haematology"", ""name"": ""Hematologie"", ""website"": ""https://pardubice.nempk.cz/kliniky-a-pracoviste/hematologie""}"
CZ,Klinická psychologie,,doctor,doctors,"Kyjevská 44, Pardubice, 53003",,,https://pardubice.nempk.cz/kliniky-a-pracoviste/klinicka-psychologie,,50.0285708,15.786992,node,12796152009,https://www.openstreetmap.org/node/12796152009,,,node/12796152009,"{""addr:city"": ""Pardubice"", ""addr:housenumber"": ""44"", ""addr:postcode"": ""53003"", ""addr:street"": ""Kyjevská"", ""amenity"": ""doctors"", ""healthcare"": ""doctor"", ""name"": ""Klinická psychologie"", ""website"": ""https://pardubice.nempk.cz/kliniky-a-pracoviste/klinicka-psychologie""}"
CZ,Gynekologie,gynaecology,doctor,doctors,"Kyjevská 44, Pardubice, 53003",,,https://pardubice.nempk.cz/kliniky-a-pracoviste/gynekologie,,50.0279168,15.7869404,node,12796152010,https://www.openstreetmap.org/node/12796152010,,,node/12796152010,"{""addr:city"": ""Pardubice"", ""addr:housenumber"": ""44"", ""addr:postcode"": ""53003"", ""addr:street"": ""Kyjevská"", ""amenity"": ""doctors"", ""healthcare"": ""doctor"", ""healthcare:speciality"": ""gynaecology"", ""name"": ""Gynekologie"", ""website"": ""https://pardubice.nempk.cz/kliniky-a-pracoviste/gynekologie""}"
CZ,Urologie,urology,doctor,doctors,"Kyjevská 44, Pardubice, 53003",,,https://pardubice.nempk.cz/kliniky-a-pracoviste/urologie,,50.0279802,15.7875008,node,12796152012,https://www.openstreetmap.org/node/12796152012,,,node/12796152012,"{""addr:city"": ""Pardubice"", ""addr:housenumber"": ""44"", ""addr:postcode"": ""53003"", ""addr:street"": ""Kyjevská"", ""amenity"": ""doctors"", ""healthcare"": ""doctor"", ""healthcare:speciality"": ""urology"", ""name"": ""Urologie"", ""website"": ""https://pardubice.nempk.cz/kliniky-a-pracoviste/urologie""}"
CZ,Porodnice,gynaecology,doctor,doctors,"Kyjevská 44, Pardubice, 53003",,,https://pardubice.nempk.cz/kliniky-a-pracoviste/porodnice,,50.0280069,15.7877108,node,12796152013,https://www.openstreetmap.org/node/12796152013,,,node/12796152013,"{""addr:city"": ""Pardubice"", ""addr:housenumber"": ""44"", ""addr:postcode"": ""53003"", ""addr:street"": ""Kyjevská"", ""amenity"": ""doctors"", ""healthcare"": ""doctor"", ""healthcare:speciality"": ""gynaecology"", ""name"": ""Porodnice"", ""website"": ""https://pardubice.nempk.cz/kliniky-a-pracoviste/porodnice""}"
CZ,Kardiologické centrum AGEL a.s.,cardiology,doctor,doctors,"Kyjevská 44, Pardubice, 53003",,,,,50.0285518,15.7874733,node,12796152014,https://www.openstreetmap.org/node/12796152014,,,node/12796152014,"{""addr:city"": ""Pardubice"", ""addr:housenumber"": ""44"", ""addr:postcode"": ""53003"", ""addr:street"": ""Kyjevská"", ""amenity"": ""doctors"", ""healthcare"": ""doctor"", ""healthcare:speciality"": ""cardiology"", ""name"": ""Kardiologické centrum AGEL a.s.""}"
CZ,Kardiologie,cardiology,doctor,doctors,"Kyjevská 44, Pardubice, 53003",,,https://pardubice.nempk.cz/kliniky-a-pracoviste/kardiologie,,50.0288819,15.7877107,node,12796152015,https://www.openstreetmap.org/node/12796152015,,,node/12796152015,"{""addr:city"": ""Pardubice"", ""addr:housenumber"": ""44"", ""addr:postcode"": ""53003"", ""addr:street"": ""Kyjevská"", ""amenity"": ""doctors"", ""healthcare"": ""doctor"", ""healthcare:speciality"": ""cardiology"", ""name"": ""Kardiologie"", ""website"": ""https://pardubice.nempk.cz/kliniky-a-pracoviste/kardiologie""}"
CZ,Neurologie,neurology,doctor,doctors,"Kyjevská 44, Pardubice, 53003",,,https://pardubice.nempk.cz/kliniky-a-pracoviste/neurologie,,50.028083,15.7896527,node,12796152020,https://www.openstreetmap.org/node/12796152020,,,node/12796152020,"{""addr:city"": ""Pardubice"", ""addr:housenumber"": ""44"", ""addr:postcode"": ""53003"", ""addr:street"": ""Kyjevská"", ""amenity"": ""doctors"", ""healthcare"": ""doctor"", ""healthcare:speciality"": ""neurology"", ""name"": ""Neurologie"", ""website"": ""https://pardubice.nempk.cz/kliniky-a-pracoviste/neurologie""}"
CZ,Neurologie - ambulance,neurology,doctor,doctors,"Kyjevská 44, Pardubice, 53003",,,,,50.0281321,15.790123,node,12796152021,https://www.openstreetmap.org/node/12796152021,,,node/12796152021,"{""addr:city"": ""Pardubice"", ""addr:housenumber"": ""44"", ""addr:postcode"": ""53003"", ""addr:street"": ""Kyjevská"", ""amenity"": ""doctors"", ""healthcare"": ""doctor"", ""healthcare:speciality"": ""neurology"", ""name"": ""Neurologie - ambulance""}"
CZ,"Multiscan s.r.o. - recepce, onkologické ambulance",oncology,doctor,doctors,"Kyjevská 44, Pardubice, 53003",,,,,50.0282726,15.7902314,node,12796152022,https://www.openstreetmap.org/node/12796152022,,,node/12796152022,"{""addr:city"": ""Pardubice"", ""addr:housenumber"": ""44"", ""addr:postcode"": ""53003"", ""addr:street"": ""Kyjevská"", ""amenity"": ""doctors"", ""healthcare"": ""doctor"", ""healthcare:speciality"": ""oncology"", ""name"": ""Multiscan s.r.o. - recepce, onkologické ambulance""}"
CZ,Onkologie - lůžka,oncology,doctor,doctors,"Kyjevská 44, Pardubice, 53003",,,https://pardubice.nempk.cz/kliniky-a-pracoviste/onkologie,,50.0291121,15.789976,node,12796152027,https://www.openstreetmap.org/node/12796152027,,,node/12796152027,"{""addr:city"": ""Pardubice"", ""addr:housenumber"": ""44"", ""addr:postcode"": ""53003"", ""addr:street"": ""Kyjevská"", ""amenity"": ""doctors"", ""healthcare"": ""doctor"", ""healthcare:speciality"": ""oncology"", ""name"": ""Onkologie - lůžka"", ""website"": ""https://pardubice.nempk.cz/kliniky-a-pracoviste/onkologie""}"
CZ,Angiografie,angiology,doctor,doctors,"Kyjevská 44, Pardubice, 53003",,,,,50.0285704,15.7889587,node,12796152039,https://www.openstreetmap.org/node/12796152039,,,node/12796152039,"{""addr:city"": ""Pardubice"", ""addr:housenumber"": ""44"", ""addr:postcode"": ""53003"", ""addr:street"": ""Kyjevská"", ""amenity"": ""doctors"", ""healthcare"": ""doctor"", ""healthcare:speciality"": ""angiology"", ""name"": ""Angiografie""}"
CZ,Úrazová chirurgie (traumatologie),,doctor,doctors,"Kyjevská 44, Pardubice, 53003",,,https://pardubice.nempk.cz/kliniky-a-pracoviste/urazova-chirurgie,,50.0284591,15.7889866,node,12796152041,https://www.openstreetmap.org/node/12796152041,,,node/12796152041,"{""addr:city"": ""Pardubice"", ""addr:housenumber"": ""44"", ""addr:postcode"": ""53003"", ""addr:street"": ""Kyjevská"", ""amenity"": ""doctors"", ""healthcare"": ""doctor"", ""name"": ""Úrazová chirurgie (traumatologie)"", ""website"": ""https://pardubice.nempk.cz/kliniky-a-pracoviste/urazova-chirurgie""}"
CZ,Lugyn,gynaecology,doctor,doctors,,+420 799 011 818,,https://lugyn.cz/,,50.1449928,15.1300765,node,12819697226,https://www.openstreetmap.org/node/12819697226,,,node/12819697226,"{""amenity"": ""doctors"", ""healthcare"": ""doctor"", ""healthcare:speciality"": ""gynaecology"", ""level"": ""0"", ""name"": ""Lugyn"", ""phone"": ""+420 799 011 818"", ""website"": ""https://lugyn.cz/""}"
CZ,Gynekologická ambulance,gynaecology,doctor,doctors,,+420775402406,janeckova.mudr@email.cz,https://gynekologie-kolin.cz/,"Mo 07:30-12:00,13:00-16:00; Tu 07:00-12:00,13:00-17:00; Th 07:30-13:00; Fr 07:30-13:00",50.0245699,15.2079807,node,12861343815,https://www.openstreetmap.org/node/12861343815,MUDr. Ivana Janečková,,node/12861343815,"{""amenity"": ""doctors"", ""email"": ""janeckova.mudr@email.cz"", ""healthcare"": ""doctor"", ""healthcare:speciality"": ""gynaecology"", ""level"": ""0"", ""name"": ""Gynekologická ambulance"", ""opening_hours"": ""Mo 07:30-12:00,13:00-16:00; Tu 07:00-12:00,13:00-17:00; Th 07:30-13:00; Fr 07:30-13:00"", ""operator"": ""MUDr. Ivana Janečková"", ""operator:ref:ico"": ""11923814"", ""phone"": ""+420775402406"", ""website"": ""https://gynekologie-kolin.cz/""}"
CZ,MUDr. Michal Tichý - Gynekologie,gynaecology,doctor,doctors,"Národních hrdinů 121, Pardubice, 53003",+420 721 579 769,,,,50.0271827,15.7963439,node,12866501327,https://www.openstreetmap.org/node/12866501327,MUDr. Michal Tichý,,node/12866501327,"{""addr:city"": ""Pardubice"", ""addr:housenumber"": ""121"", ""addr:postcode"": ""53003"", ""addr:street"": ""Národních hrdinů"", ""amenity"": ""doctors"", ""healthcare"": ""doctor"", ""healthcare:speciality"": ""gynaecology"", ""name"": ""MUDr. Michal Tichý - Gynekologie"", ""operator"": ""MUDr. Michal Tichý"", ""phone"": ""+420 721 579 769"", ""ref:ico"": ""2178461""}"
CZ,Neurologie - MS centrum,neurology,doctor,doctors,"Kyjevská 44, Pardubice, 53003",,,,,50.0279322,15.7883963,node,12880994390,https://www.openstreetmap.org/node/12880994390,,,node/12880994390,"{""addr:city"": ""Pardubice"", ""addr:housenumber"": ""44"", ""addr:postcode"": ""53003"", ""addr:street"": ""Kyjevská"", ""amenity"": ""doctors"", ""healthcare"": ""doctor"", ""healthcare:speciality"": ""neurology"", ""name"": ""Neurologie - MS centrum""}"
CZ,Stomatologická poliklinika,,clinic,clinic,,,,,,50.0344735,15.7804121,node,12950572210,https://www.openstreetmap.org/node/12950572210,,,node/12950572210,"{""amenity"": ""clinic"", ""healthcare"": ""clinic"", ""name"": ""Stomatologická poliklinika""}"
CZ,MUDr. Jiří Šedivý,gynaecology,doctor,doctors,"Zahradní 49, Kolín, 28002",+420 321 715 300;+420 607 131 013,drsedivy@seznam.cz,https://mudr.sedivy.info/,"Mo 07:00-11:00; Tu 07:00-11:00,13:00-17:00; Th 07:00-11:00; Th 11:00-13:00 ""ultrazvuk""; Fr 07:00-08:00",50.0256247,15.2022056,node,12994248486,https://www.openstreetmap.org/node/12994248486,JŠ - GYN s.r.o.,,node/12994248486,"{""addr:city"": ""Kolín"", ""addr:housenumber"": ""49"", ""addr:postcode"": ""28002"", ""addr:street"": ""Zahradní"", ""amenity"": ""doctors"", ""email"": ""drsedivy@seznam.cz"", ""healthcare"": ""doctor"", ""healthcare:speciality"": ""gynaecology"", ""name"": ""MUDr. Jiří Šedivý"", ""opening_hours"": ""Mo 07:00-11:00; Tu 07:00-11:00,13:00-17:00; Th 07:00-11:00; Th 11:00-13:00 \""ultrazvuk\""; Fr 07:00-08:00"", ""operator"": ""JŠ - GYN s.r.o."", ""operator:ref:ico"": ""17542162"", ""phone"": ""+420 321 715 300;+420 607 131 013"", ""website"": ""https://mudr.sedivy.info/""}"
CZ,Neurologie,neurology,doctor,doctors,,,,,,49.1847624,16.6381483,node,13123042620,https://www.openstreetmap.org/node/13123042620,,,node/13123042620,"{""amenity"": ""doctors"", ""healthcare"": ""doctor"", ""healthcare:speciality"": ""neurology"", ""name"": ""Neurologie""}"
CZ,Onkologická ambulace,oncology,doctor,doctors,,,,,,49.8967908,18.189536,node,13135292310,https://www.openstreetmap.org/node/13135292310,,,node/13135292310,"{""amenity"": ""doctors"", ""healthcare"": ""doctor"", ""healthcare:speciality"": ""oncology"", ""name"": ""Onkologická ambulace""}"
CZ,Gynekologická ambulance MUDr. Pavel Vojkovský,gynaecology,,doctors,,+420558434114,vojkovsky.ambulance@email.cz,https://vojkovsky.webnode.cz/,"Mo 07:30-12:00,13:00-16:00; Tu 07:30-12:00; We 07:30-12:00,13:00-17:00; Fr 07:30-13:00",49.6759431,18.3436179,node,13191071696,https://www.openstreetmap.org/node/13191071696,,,node/13191071696,"{""amenity"": ""doctors"", ""email"": ""vojkovsky.ambulance@email.cz"", ""healthcare:speciality"": ""gynaecology"", ""name"": ""Gynekologická ambulance MUDr. Pavel Vojkovský"", ""opening_hours"": ""Mo 07:30-12:00,13:00-16:00; Tu 07:30-12:00; We 07:30-12:00,13:00-17:00; Fr 07:30-13:00"", ""phone"": ""+420558434114"", ""website"": ""https://vojkovsky.webnode.cz/""}"
CZ,Dr.Hajči,gynaecology,doctor,doctors,,,,,,50.1042532,13.7318099,node,13199990674,https://www.openstreetmap.org/node/13199990674,,,node/13199990674,"{""amenity"": ""doctors"", ""check_date"": ""2025-10-07"", ""healthcare"": ""doctor"", ""healthcare:speciality"": ""gynaecology"", ""name"": ""Dr.Hajči"", ""wheelchair"": ""yes""}"
CZ,Androgeos,urology,doctor,doctors,,+420 233 325 636,,https://www.androgeos.cz/,Mo-Th 07:00-15:00; Fr 07:00-13:00,50.0968477,14.4069763,node,13200367926,https://www.openstreetmap.org/node/13200367926,,,node/13200367926,"{""amenity"": ""doctors"", ""check_date:opening_hours"": ""2025-10-07"", ""fax"": ""+420 233 325 641"", ""healthcare"": ""doctor"", ""healthcare:speciality"": ""urology"", ""name"": ""Androgeos"", ""opening_hours"": ""Mo-Th 07:00-15:00; Fr 07:00-13:00"", ""opening_hours:signed"": ""no"", ""phone"": ""+420 233 325 636"", ""website"": ""https://www.androgeos.cz/""}"
CZ,Gynvivus,,doctor,doctors,,,,https://gynvivus.cz/,,50.0300972,14.5961051,node,13235568913,https://www.openstreetmap.org/node/13235568913,,,node/13235568913,"{""amenity"": ""doctors"", ""contact:website"": ""https://gynvivus.cz/"", ""healthcare"": ""doctor"", ""name"": ""Gynvivus""}"
CZ,Dům zdraví,orthopaedics;neurology;otolaryngology;gynaecology,clinic,clinic,,,,,,49.8454041,18.2808675,node,13357096302,https://www.openstreetmap.org/node/13357096302,,,node/13357096302,"{""amenity"": ""clinic"", ""healthcare"": ""clinic"", ""healthcare:speciality"": ""orthopaedics;neurology;otolaryngology;gynaecology"", ""name"": ""Dům zdraví""}"
CZ,Ordinace klinické psychologie,,doctor,doctors,,,,,,49.5962387,17.2507228,node,13359436437,https://www.openstreetmap.org/node/13359436437,,,node/13359436437,"{""amenity"": ""doctors"", ""check_date:opening_hours"": ""2025-12-07"", ""healthcare"": ""doctor"", ""name"": ""Ordinace klinické psychologie"", ""opening_hours:signed"": ""no""}"
CZ,GynFleur,gynaecology,doctor,,"Antala Staška 1357/78, Praha, 14000",+420 241 406 642;+420 261 261 805,,https://www.gynfleur.cz/,"Mo 07:00-14:00; Tu 07:00-14:00,16:00-19:00; We 07:00-14:00,16:00-19:00; Th 07:00-14:00; Fr 06:30-08:30",50.0423475,14.4465897,node,13429327719,https://www.openstreetmap.org/node/13429327719,MUDr. Hana Hrušková,,node/13429327719,"{""addr:city"": ""Praha"", ""addr:housenumber"": ""1357/78"", ""addr:postcode"": ""14000"", ""addr:street"": ""Antala Staška"", ""addr:suburb"": ""Krč"", ""healthcare"": ""doctor"", ""healthcare:speciality"": ""gynaecology"", ""name"": ""GynFleur"", ""official_name"": ""GynFleur s.r.o."", ""opening_hours"": ""Mo 07:00-14:00; Tu 07:00-14:00,16:00-19:00; We 07:00-14:00,16:00-19:00; Th 07:00-14:00; Fr 06:30-08:30"", ""operator"": ""MUDr. Hana Hrušková"", ""phone"": ""+420 241 406 642;+420 261 261 805"", ""ref:ico"": ""24729175"", ""website"": ""https://www.gynfleur.cz/""}"
CZ,Diabetologická ordinace – MUDr. Hrdinová,diabetology,doctor,doctors,"17. listopadu 83, Police nad Metují, 54954",,,,,50.531955,16.235427,node,13439967518,https://www.openstreetmap.org/node/13439967518,,,node/13439967518,"{""addr:city"": ""Police nad Metují"", ""addr:housenumber"": ""83"", ""addr:postcode"": ""54954"", ""addr:street"": ""17. listopadu"", ""amenity"": ""doctors"", ""healthcare"": ""doctor"", ""healthcare:speciality"": ""diabetology"", ""name"": ""Diabetologická ordinace – MUDr. Hrdinová""}"
CZ,Gynekologie – MUDr. Kohoutová,gynaecology,doctor,doctors,"17. listopadu 388, Police nad Metují, 54954",,,,,50.5319664,16.2344441,node,13439967519,https://www.openstreetmap.org/node/13439967519,,,node/13439967519,"{""addr:city"": ""Police nad Metují"", ""addr:housenumber"": ""388"", ""addr:postcode"": ""54954"", ""addr:street"": ""17. listopadu"", ""amenity"": ""doctors"", ""healthcare"": ""doctor"", ""healthcare:speciality"": ""gynaecology"", ""name"": ""Gynekologie – MUDr. Kohoutová""}"
CZ,Neurologie In Sady,neurology,doctor,doctors,,,,https://neurologie-eeg.cz,,49.1866955,16.6066226,node,13450031643,https://www.openstreetmap.org/node/13450031643,,,node/13450031643,"{""amenity"": ""doctors"", ""healthcare"": ""doctor"", ""healthcare:speciality"": ""neurology"", ""name"": ""Neurologie In Sady"", ""website"": ""https://neurologie-eeg.cz"", ""wheelchair"": ""yes""}"
CZ,Gynekologická ambulance Gynjan,gynaecology,doctor,doctors,,,,https://gynjan.cz/,"Mo 08:00-15:00; Tu 07:00-15:00; We 07:00-11:00,11:00-18:00; Th 12:00-18:00; Fr 07:00-13:00",49.1017058,16.3744806,node,13460229037,https://www.openstreetmap.org/node/13460229037,,,node/13460229037,"{""amenity"": ""doctors"", ""check_date"": ""2025-12-28"", ""healthcare"": ""doctor"", ""healthcare:speciality"": ""gynaecology"", ""name"": ""Gynekologická ambulance Gynjan"", ""opening_hours"": ""Mo 08:00-15:00; Tu 07:00-15:00; We 07:00-11:00,11:00-18:00; Th 12:00-18:00; Fr 07:00-13:00"", ""website"": ""https://gynjan.cz/""}"
CZ,Neurologická klinika,,clinic,clinic,,,,,,50.0734088,14.4242076,way,27113187,https://www.openstreetmap.org/way/27113187,,,way/27113187,"{""amenity"": ""clinic"", ""building"": ""civic"", ""building:levels"": ""3"", ""building:ruian:type"": ""5"", ""healthcare"": ""clinic"", ""name"": ""Neurologická klinika"", ""name:en"": ""Clinic of Neurology"", ""ref:ruian:building"": ""21670561"", ""source"": ""cuzk:ruian""}"
CZ,III. interní klinika – endokrinologie a metabolismu,,clinic,clinic,,,,,,50.0745332,14.4205912,way,27113303,https://www.openstreetmap.org/way/27113303,,,way/27113303,"{""amenity"": ""clinic"", ""building"": ""hospital"", ""building:levels"": ""3"", ""building:ruian:type"": ""5"", ""healthcare"": ""clinic"", ""name"": ""III. interní klinika – endokrinologie a metabolismu"", ""name:en"": ""III. internal clinic - endocrinology and metabolism"", ""old_name"": ""jezuitská kolej"", ""ref:ruian:building"": ""21670790"", ""source"": ""cuzk:ruian""}"
CZ,Urologická klinika,urology,clinic,clinic,"Ke Karlovu 6, Praha 2, 12808",+420224967829,urol@vfn.cz,https://www.vfn.cz/pacienti/kliniky-ustavy/urologicka-klinika/,,50.0715067,14.428614,way,32060800,https://www.openstreetmap.org/way/32060800,,,way/32060800,"{""addr:city"": ""Praha 2"", ""addr:housenumber"": ""6"", ""addr:postcode"": ""12808"", ""addr:street"": ""Ke Karlovu"", ""amenity"": ""clinic"", ""building"": ""civic"", ""building:colour"": ""tan"", ""building:flats"": ""1"", ""building:levels"": ""2"", ""building:ruian:type"": ""5"", ""email"": ""urol@vfn.cz"", ""healthcare"": ""clinic"", ""healthcare:speciality"": ""urology"", ""name"": ""Urologická klinika"", ""name:de"": ""Urologische Klinik"", ""name:en"": ""Clinic of Urology"", ""phone"": ""+420224967829"", ""ref:ruian:building"": ""21670391"", ""source"": ""cuzk:ruian"", ""website"": ""https://www.vfn.cz/pacienti/kliniky-ustavy/urologicka-klinika/"", ""wikidata"": ""Q65948729"", ""wikimedia_commons"": ""Category:Urologická klinika VFN a 1. LF UK v Praze""}"
CZ,Dermatovenerologická klinika,,clinic,clinic,,,,,,50.0705638,14.4230799,way,34069110,https://www.openstreetmap.org/way/34069110,,,way/34069110,"{""amenity"": ""clinic"", ""building"": ""civic"", ""building:levels"": ""3"", ""building:ruian:type"": ""15"", ""healthcare"": ""clinic"", ""name"": ""Dermatovenerologická klinika"", ""name:en"": ""Clinic of Dermatovenerology"", ""ref:ruian:building"": ""21670293"", ""source"": ""cuzk:ruian""}"
CZ,Klinika adiktologie,,clinic,clinic,,,,,,50.0704529,14.4222279,way,34069111,https://www.openstreetmap.org/way/34069111,,,way/34069111,"{""amenity"": ""clinic"", ""building"": ""civic"", ""building:levels"": ""3"", ""building:ruian:type"": ""5"", ""healthcare"": ""clinic"", ""name"": ""Klinika adiktologie"", ""name:en"": ""Clinic of addictology"", ""ref:ruian:building"": ""77696905"", ""roof:levels"": ""1"", ""roof:material"": ""roof_tiles"", ""roof:shape"": ""hipped"", ""source"": ""cuzk:ruian"", ""start_date"": ""1997-06-27""}"
CZ,Ústav imunologie a mikrobiologie,,clinic,clinic,,,,,,50.0697872,14.4239873,way,34069116,https://www.openstreetmap.org/way/34069116,,,way/34069116,"{""amenity"": ""clinic"", ""building"": ""civic"", ""building:flats"": ""1"", ""building:levels"": ""3"", ""building:ruian:type"": ""5"", ""healthcare"": ""clinic"", ""name"": ""Ústav imunologie a mikrobiologie"", ""name:en"": ""Institute of Immunology and Microbiology"", ""ref:ruian:building"": ""21675333"", ""source"": ""cuzk:ruian""}"
CZ,Sexuologický ústav,,clinic,clinic,,,,https://www.vfn.cz/pacienti/kliniky-ustavy/sexuologicky-ustav/,,50.0720491,14.4274874,way,35825101,https://www.openstreetmap.org/way/35825101,,,way/35825101,"{""amenity"": ""clinic"", ""building"": ""civic"", ""building:ruian:type"": ""5"", ""healthcare"": ""clinic"", ""name"": ""Sexuologický ústav"", ""name:en"": ""Institute of Sexology"", ""ref:ruian:building"": ""21670404"", ""source"": ""cuzk:ruian"", ""website"": ""https://www.vfn.cz/pacienti/kliniky-ustavy/sexuologicky-ustav/""}"
CZ,Neurologická klinika,neurology,clinic,clinic,,+420 224 961 111,neuro@lf1.cuni.cz,https://www.neuro.lf1.cuni.cz/,,50.0739157,14.4251654,way,35825114,https://www.openstreetmap.org/way/35825114,,,way/35825114,"{""alt_name"": ""Neurologická klinika 1. lékařské fakulty Univerzity Karlovy a Všeobecné fakultní nemocnice"", ""amenity"": ""clinic"", ""building"": ""civic"", ""building:ruian:type"": ""5"", ""email"": ""neuro@lf1.cuni.cz"", ""fax"": ""+420 224 922 678"", ""healthcare"": ""clinic"", ""healthcare:speciality"": ""neurology"", ""name"": ""Neurologická klinika"", ""old_name"": ""klášter augustiniánek"", ""phone"": ""+420 224 961 111"", ""ref:ruian:building"": ""21670455"", ""short_name"": ""Neurologická klinika 1. LF UK a VFN"", ""source"": ""cuzk:ruian"", ""website"": ""https://www.neuro.lf1.cuni.cz/"", ""wheelchair"": ""no"", ""wikidata"": ""Q30106631""}"
CZ,Alergologie,,clinic,,,,,,,49.1483151,15.0091449,way,48430388,https://www.openstreetmap.org/way/48430388,Alergologie Albrechtová s.r.o.,,way/48430388,"{""building"": ""yes"", ""building:flats"": ""1"", ""building:levels"": ""1"", ""building:ruian:type"": ""3"", ""healthcare"": ""clinic"", ""name"": ""Alergologie"", ""operator"": ""Alergologie Albrechtová s.r.o."", ""ref:ruian:building"": ""14691582"", ""source"": ""cuzk:ruian""}"
CZ,Gynekologická ambulance,,clinic,clinic,,,,,,49.7624645,13.3771729,way,48578215,https://www.openstreetmap.org/way/48578215,,,way/48578215,"{""amenity"": ""clinic"", ""building"": ""hospital"", ""building:ruian:type"": ""15"", ""healthcare"": ""clinic"", ""name"": ""Gynekologická ambulance"", ""ref:ruian:building"": ""49039849"", ""source"": ""cuzk:ruian""}"
CZ,Poliklinika Mazurská,allergology;endocrinology;orthopaedics;dermatology;neurology;diagnostic_radiology;stomatology;orthodontics;internal;gynaecology;general;ophthalmology;otolaryngology,clinic,clinic,"Mazurská 484/2, Praha 8, 18100",,,https://www.poliklinikamazurska.cz/,,50.1266091,14.4158386,way,50063524,https://www.openstreetmap.org/way/50063524,,,way/50063524,"{""addr:city"": ""Praha 8"", ""addr:housenumber"": ""484/2"", ""addr:postcode"": ""18100"", ""addr:street"": ""Mazurská"", ""amenity"": ""clinic"", ""building"": ""civic"", ""building:colour"": ""#a96a72"", ""building:levels"": ""5"", ""building:ruian:type"": ""15"", ""healthcare"": ""clinic"", ""healthcare:speciality"": ""allergology;endocrinology;orthopaedics;dermatology;neurology;diagnostic_radiology;stomatology;orthodontics;internal;gynaecology;general;ophthalmology;otolaryngology"", ""name"": ""Poliklinika Mazurská"", ""ref:ruian:building"": ""22157981"", ""source"": ""cuzk:ruian"", ""website"": ""https://www.poliklinikamazurska.cz/""}"
CZ,Masarykův onkologický ústav,,hospital,hospital,"Žlutý kopec 7, Brno, 65653",+420 543 131 111,,https://www.mou.cz/,,49.1944794,16.5891261,way,50563531,https://www.openstreetmap.org/way/50563531,,,way/50563531,"{""addr:city"": ""Brno"", ""addr:housenumber"": ""7"", ""addr:postcode"": ""65653"", ""addr:street"": ""Žlutý kopec"", ""amenity"": ""hospital"", ""emergency"": ""no"", ""healthcare"": ""hospital"", ""name"": ""Masarykův onkologický ústav"", ""phone"": ""+420 543 131 111"", ""source"": ""cuzk:km"", ""start_date"": ""1935"", ""website"": ""https://www.mou.cz/"", ""wikidata"": ""Q14828023"", ""wikipedia"": ""cs:Masarykův onkologický ústav""}"
CZ,Stomatologická klinika,dentistry,clinic,clinic,"Palackého 12, Olomouc, 77900",,,,Mo-Fr 07:30-15:00,49.5961183,17.2446096,way,53038993,https://www.openstreetmap.org/way/53038993,Fakultní nemocnice Olomouc,,way/53038993,"{""addr:city"": ""Olomouc"", ""addr:housenumber"": ""12"", ""addr:postcode"": ""77900"", ""addr:street"": ""Palackého"", ""amenity"": ""clinic"", ""building"": ""hospital"", ""building:flats"": ""1"", ""building:levels"": ""3"", ""building:ruian:type"": ""5"", ""healthcare"": ""clinic"", ""healthcare:speciality"": ""dentistry"", ""name"": ""Stomatologická klinika"", ""opening_hours"": ""Mo-Fr 07:30-15:00"", ""operator"": ""Fakultní nemocnice Olomouc"", ""ref:ruian:building"": ""22955437"", ""source"": ""cuzk:ruian""}"
CZ,"Logopedická ambulance, s.r.o.",,doctor,doctors,"Za Nádražím 223, Český Krumlov, 38101",,,,,48.821275,14.319481,way,70681191,https://www.openstreetmap.org/way/70681191,,,way/70681191,"{""addr:city"": ""Český Krumlov"", ""addr:housenumber"": ""223"", ""addr:postcode"": ""38101"", ""addr:street"": ""Za Nádražím"", ""amenity"": ""doctors"", ""building"": ""civic"", ""building:ruian:type"": ""5"", ""description"": ""Provoz ordinace klinické logopedi pro děti a dospělé. Péči nabízíme dětem a dospělým s narušenou komunikační schopností, s poruchami poznávacích funkcí či s poruchami vývoje řeči. Vystavujeme potvrzení studentům hlásícím se na vysoké školy."", ""healthcare"": ""doctor"", ""name"": ""Logopedická ambulance, s.r.o."", ""ref:ruian:building"": ""26304180"", ""source"": ""cuzk:ruian"", ""start_date"": ""2006-04-27""}"
CZ,Budova I (porodnice),gynaecology,,,,,,,,50.4173603,14.9101552,way,77396601,https://www.openstreetmap.org/way/77396601,,,way/77396601,"{""building"": ""hospital"", ""building:levels"": ""1"", ""building:ruian:type"": ""5"", ""healthcare:speciality"": ""gynaecology"", ""name"": ""Budova I (porodnice)"", ""ref:ruian:building"": ""21003483"", ""source"": ""cuzk:ruian""}"
CZ,Poliklinika Kuklenská,general;gynaecology;dentistry,clinic,clinic,,,,,,49.1944316,16.6331646,way,78559035,https://www.openstreetmap.org/way/78559035,Poliklinika Kuklenská s.r.o.,,way/78559035,"{""amenity"": ""clinic"", ""building"": ""yes"", ""building:levels"": ""2"", ""building:ruian:type"": ""1"", ""check_date:opening_hours"": ""2023-06-23"", ""healthcare"": ""clinic"", ""healthcare:speciality"": ""general;gynaecology;dentistry"", ""name"": ""Poliklinika Kuklenská"", ""opening_hours:signed"": ""no"", ""operator"": ""Poliklinika Kuklenská s.r.o."", ""operator:type"": ""private"", ""ref:ruian:building"": ""19436963"", ""roof:shape"": ""gabled"", ""source"": ""cuzk:ruian""}"
CZ,Poliklinika Kaplice,general;gynaecology;paediatrics;dentist;orthopaedics;surgery;rehabilitation,clinic,clinic,,,,https://www.mestokaplice.cz/ostatni-10/zdravotnictvi/,Mo-Fr 18:30-21:00; Sa-Su 9:00-19:00,48.7398163,14.4874898,way,116173263,https://www.openstreetmap.org/way/116173263,,,way/116173263,"{""amenity"": ""clinic"", ""building"": ""civic"", ""building:levels"": ""3"", ""building:ruian:type"": ""15"", ""emergency"": ""yes"", ""healthcare"": ""clinic"", ""healthcare:speciality"": ""general;gynaecology;paediatrics;dentist;orthopaedics;surgery;rehabilitation"", ""name"": ""Poliklinika Kaplice"", ""opening_hours"": ""Mo-Fr 18:30-21:00; Sa-Su 9:00-19:00"", ""ref:ruian:building"": ""8712972"", ""source"": ""cuzk:ruian"", ""website"": ""https://www.mestokaplice.cz/ostatni-10/zdravotnictvi/""}"
CZ,,general;gynaecology,centre,,"Dobrovského 255, Horšovský Týn, 34601",,,,,49.5291521,12.9369494,way,122433501,https://www.openstreetmap.org/way/122433501,,,way/122433501,"{""addr:city"": ""Horšovský Týn"", ""addr:housenumber"": ""255"", ""addr:postcode"": ""34601"", ""addr:street"": ""Dobrovského"", ""building"": ""yes"", ""building:levels"": ""1"", ""building:ruian:type"": ""15"", ""healthcare"": ""centre"", ""healthcare:speciality"": ""general;gynaecology"", ""ref:ruian:building"": ""6731970"", ""source"": ""cuzk:ruian""}"
CZ,"Chirurgie Šibeník, Mamografie",,clinic,clinic,"Na Šibeníku 914/1, 77900",,,https://www.chirurgiesibenik.cz/,,49.5972716,17.2364085,way,178356816,https://www.openstreetmap.org/way/178356816,ProMedica,,way/178356816,"{""addr:conscriptionnumber"": ""914"", ""addr:housenumber"": ""914/1"", ""addr:postcode"": ""77900"", ""addr:street"": ""Na Šibeníku"", ""addr:streetnumber"": ""1"", ""amenity"": ""clinic"", ""building"": ""yes"", ""building:levels"": ""1"", ""building:ruian:type"": ""19"", ""healthcare"": ""clinic"", ""name"": ""Chirurgie Šibeník, Mamografie"", ""operator"": ""ProMedica"", ""ref:ruian:addr"": ""25823965"", ""ref:ruian:building"": ""25332970"", ""source"": ""cuzk:ruian"", ""start_date"": ""2003-09-25"", ""website"": ""https://www.chirurgiesibenik.cz/""}"
CZ,"MUDr. Jiří Štěpán, MUDr. Miloš Dejmek, MUDr. Václac Šilhan, MUDr. Martin Štěpán, MUDr. Věra Adamcová, NUDr. Renata Jarošová, MUDr. Jiří Štěpán, MUDr. Karel Horel",gynaecology;orthopaedics,doctor,doctors,,,,,Mo-Th 07:00-19:00; Fr 07:00-17:00,50.2072686,15.8096583,way,213892914,https://www.openstreetmap.org/way/213892914,Soukromá Gynekologická Ambulance MUDr. Štěpán s.r.o.,,way/213892914,"{""amenity"": ""doctors"", ""building"": ""house"", ""building:flats"": ""1"", ""building:levels"": ""2"", ""healthcare"": ""doctor"", ""healthcare:speciality"": ""gynaecology;orthopaedics"", ""height"": ""4.2"", ""name"": ""MUDr. Jiří Štěpán, MUDr. Miloš Dejmek, MUDr. Václac Šilhan, MUDr. Martin Štěpán, MUDr. Věra Adamcová, NUDr. Renata Jarošová, MUDr. Jiří Štěpán, MUDr. Karel Horel"", ""opening_hours"": ""Mo-Th 07:00-19:00; Fr 07:00-17:00"", ""operator"": ""Soukromá Gynekologická Ambulance MUDr. Štěpán s.r.o."", ""ref:ruian:building"": ""23503076"", ""roof:shape"": ""gabled"", ""source"": ""cuzk:ruian""}"
CZ,Gynekolog,gynaecology,doctor,doctors,,,,,,49.8741601,15.5785216,way,447519188,https://www.openstreetmap.org/way/447519188,,,way/447519188,"{""amenity"": ""doctors"", ""building"": ""civic"", ""building:levels"": ""1"", ""building:ruian:type"": ""15"", ""healthcare"": ""doctor"", ""healthcare:speciality"": ""gynaecology"", ""name"": ""Gynekolog"", ""ref:ruian:building"": ""80558577"", ""source"": ""cuzk:ruian"", ""start_date"": ""2015-11-27""}"
CZ,Ústav hematologie a krevní transfuze,,hospital,hospital,,,,https://www.uhkt.cz/,,50.0744806,14.4211421,way,476073804,https://www.openstreetmap.org/way/476073804,,,way/476073804,"{""amenity"": ""hospital"", ""healthcare"": ""hospital"", ""name"": ""Ústav hematologie a krevní transfuze"", ""website"": ""https://www.uhkt.cz/""}"
CZ,Nemocnice Česká Lípa,paediatrics;emergency;gynaecology;orthopaedics;general,hospital,hospital,"Purkyňova 1849, Česká Lípa, 47301",,,,,50.6855252,14.5497331,way,579894257,https://www.openstreetmap.org/way/579894257,,,way/579894257,"{""addr:city"": ""Česká Lípa"", ""addr:housenumber"": ""1849"", ""addr:postcode"": ""47301"", ""addr:street"": ""Purkyňova"", ""amenity"": ""hospital"", ""emergency"": ""yes"", ""healthcare"": ""hospital"", ""healthcare:speciality"": ""paediatrics;emergency;gynaecology;orthopaedics;general"", ""name"": ""Nemocnice Česká Lípa"", ""wikidata"": ""Q15119773""}"
CZ,Urologie,,doctor,doctors,,,,,,50.4320775,15.3613759,way,840414436,https://www.openstreetmap.org/way/840414436,MUDr. Jan Hiblbauer s.r.o.,,way/840414436,"{""amenity"": ""doctors"", ""building"": ""yes"", ""building:flats"": ""6"", ""building:levels"": ""2"", ""building:ruian:type"": ""20"", ""healthcare"": ""doctor"", ""name"": ""Urologie"", ""operator"": ""MUDr. Jan Hiblbauer s.r.o."", ""ref:ruian:building"": ""99466180"", ""source"": ""cuzk:ruian"", ""start_date"": ""2019-12-09""}"
CZ,Zdravotní středisko Velké Bílovice,dentistry;general;gynaecology,clinic,,,,,,,48.8508674,16.8902013,way,1073310281,https://www.openstreetmap.org/way/1073310281,,,way/1073310281,"{""building"": ""yes"", ""healthcare"": ""clinic"", ""healthcare:speciality"": ""dentistry;general;gynaecology"", ""name"": ""Zdravotní středisko Velké Bílovice""}"
CZ,Urologie Zahradní Město,urology,doctor,doctors,,,,,,50.0559376,14.4963447,way,1444550913,https://www.openstreetmap.org/way/1444550913,Urologie Zahradní Město s.r.o.,,way/1444550913,"{""amenity"": ""doctors"", ""healthcare"": ""doctor"", ""healthcare:speciality"": ""urology"", ""indoor"": ""room"", ""level"": ""0"", ""name"": ""Urologie Zahradní Město"", ""operator"": ""Urologie Zahradní Město s.r.o.""}"
CZ,Stomatologická klinika,dentistry,clinic,clinic,,,,https://www.vfn.cz/pacienti/kliniky-ustavy/stomatologicka-klinika/,,50.0741989,14.4270855,relation,92387,https://www.openstreetmap.org/relation/92387,,,relation/92387,"{""alt_name"": ""I. stomatologická klinika"", ""amenity"": ""clinic"", ""building"": ""civic"", ""building:flats"": ""1"", ""building:levels"": ""4"", ""building:ruian:type"": ""5"", ""healthcare"": ""clinic"", ""healthcare:speciality"": ""dentistry"", ""name"": ""Stomatologická klinika"", ""name:en"": ""Dental clinic"", ""ref:ruian:building"": ""21672768"", ""source"": ""cuzk:ruian"", ""type"": ""multipolygon"", ""website"": ""https://www.vfn.cz/pacienti/kliniky-ustavy/stomatologicka-klinika/""}"
CZ,Gynekologicko – porodnická klinika,,clinic,clinic,,,,https://www.vfn.cz/pacienti/kliniky-ustavy/gynekologicko-porodnicka-klinika/,,50.071051,14.4268655,relation,7096678,https://www.openstreetmap.org/relation/7096678,,,relation/7096678,"{""alt_name"": ""Zemská porodnice u Apolináře"", ""amenity"": ""clinic"", ""architect"": ""Josef Hlávka"", ""architect:wikidata"": ""Q695675"", ""building"": ""hospital"", ""building:architecture"": ""neo-gothic"", ""building:colour"": ""firebrick"", ""building:levels"": ""3"", ""building:material"": ""brick"", ""building:ruian:type"": ""5"", ""healthcare"": ""clinic"", ""heritage"": ""3"", ""heritage:operator"": ""npu"", ""location"": ""surface"", ""name"": ""Gynekologicko – porodnická klinika"", ""ref:ruian:building"": ""21670242"", ""start_date"": ""1875"", ""type"": ""multipolygon"", ""website"": ""https://www.vfn.cz/pacienti/kliniky-ustavy/gynekologicko-porodnicka-klinika/"", ""wikidata"": ""Q20064786"", ""wikimedia_commons"": ""Category:Zemská porodnice u Apolináře"", ""wikipedia"": ""cs:Zemská porodnice u Apolináře""}"
CZ,Onkologická a radioterapeutická klinika,oncology,clinic,clinic,,,,,,49.7629274,13.3817707,relation,13800084,https://www.openstreetmap.org/relation/13800084,,,relation/13800084,"{""amenity"": ""clinic"", ""building"": ""hospital"", ""building:ruian:type"": ""15"", ""healthcare"": ""clinic"", ""healthcare:speciality"": ""oncology"", ""name"": ""Onkologická a radioterapeutická klinika"", ""ref:ruian:building"": ""50106911"", ""type"": ""multipolygon""}"
